from_region,to_region,v1_status,v4_status,v4_normal_fare,v4_priority_fare,v4_promoted,v4_source_name,v4_source_date,v4_source_url,v4_confidence,normal_path,priority_path,providers,jne2026_values
광주,목포,DIRECT_PROVIDER,DIRECT_PROVIDER,7200,9300,False,,,,,"[""광주"", ""목포""]","[""광주"", ""목포""]","[""bustago"", ""kobus"", ""tmoney""]","[7200, 9300]"
광주,여수,DIRECT_PROVIDER,DIRECT_PROVIDER,13000,16800,False,,,,,"[""광주"", ""여수""]","[""광주"", ""여수""]","[""tmoney""]","[13000, 16800]"
광주,순천,DIRECT_PROVIDER,DIRECT_PROVIDER,8400,11000,False,,,,,"[""광주"", ""순천""]","[""광주"", ""순천""]","[""tmoney""]","[8400, 11000]"
광주,나주,DIRECT_PROVIDER,DIRECT_PROVIDER,4300,6800,False,,,,,"[""광주"", ""나주""]","[""광주"", ""나주""]","[""bustago"", ""tmoney""]",[4300]
광주,광양,DIRECT_PROVIDER,DIRECT_PROVIDER,8400,10900,False,,,,,"[""광주"", ""광양""]","[""광주"", ""광양""]","[""tmoney""]",[8400]
광주,담양,DIRECT_PROVIDER,DIRECT_PROVIDER,2900,2900,False,,,,,"[""광주"", ""담양""]","[""광주"", ""담양""]","[""bustago"", ""tmoney""]",[2900]
광주,곡성,DIRECT_PROVIDER,DIRECT_PROVIDER,5500,5500,False,,,,,"[""광주"", ""곡성""]","[""광주"", ""곡성""]","[""tmoney""]",[5500]
광주,구례,DIRECT_PROVIDER,DIRECT_PROVIDER,9800,9800,False,,,,,"[""광주"", ""구례""]","[""광주"", ""구례""]","[""tmoney""]",[9800]
광주,고흥,DIRECT_PROVIDER,DIRECT_PROVIDER,16200,21000,False,,,,,"[""광주"", ""고흥""]","[""광주"", ""고흥""]","[""tmoney""]","[16200, 21000]"
광주,보성,DIRECT_PROVIDER,DIRECT_PROVIDER,10500,11500,False,,,,,"[""광주"", ""보성""]","[""광주"", ""보성""]","[""bustago"", ""tmoney""]","[10500, 11500]"
광주,화순,DIRECT_PROVIDER,DIRECT_PROVIDER,2500,3200,False,,,,,"[""광주"", ""화순""]","[""광주"", ""화순""]","[""tmoney""]",[2500]
광주,장흥,DIRECT_PROVIDER,DIRECT_PROVIDER,11500,14900,False,,,,,"[""광주"", ""장흥""]","[""광주"", ""장흥""]","[""tmoney""]","[11500, 14900]"
광주,강진,DIRECT_PROVIDER,DIRECT_PROVIDER,11700,15200,False,,,,,"[""광주"", ""강진""]","[""광주"", ""강진""]","[""bustago"", ""tmoney""]","[11700, 15200]"
광주,해남,DIRECT_PROVIDER,DIRECT_PROVIDER,13700,16900,False,,,,,"[""광주"", ""해남""]","[""광주"", ""해남""]","[""bustago"", ""tmoney""]","[13700, 16900]"
광주,영암,DIRECT_PROVIDER,DIRECT_PROVIDER,8700,8700,False,,,,,"[""광주"", ""영암""]","[""광주"", ""영암""]","[""bustago"", ""tmoney""]",[8700]
광주,무안,DIRECT_PROVIDER,DIRECT_PROVIDER,6000,7800,False,,,,,"[""광주"", ""무안""]","[""광주"", ""무안""]","[""tmoney""]","[6000, 7800]"
광주,함평,DIRECT_PROVIDER,DIRECT_PROVIDER,4500,5800,False,,,,,"[""광주"", ""함평""]","[""광주"", ""함평""]","[""tmoney""]","[4500, 5800]"
광주,영광,DIRECT_PROVIDER,DIRECT_PROVIDER,7300,9500,False,,,,,"[""광주"", ""영광""]","[""광주"", ""영광""]","[""tmoney""]","[7300, 9500]"
광주,장성,DIRECT_WEB_VERIFIED,DIRECT_WEB_VERIFIED,2400,2400,False,,,,,"[""광주"", ""장성""]","[""광주"", ""장성""]",[],[2400]
광주,완도,DIRECT_PROVIDER,DIRECT_PROVIDER,20500,24800,False,,,,,"[""광주"", ""완도""]","[""광주"", ""완도""]","[""bustago"", ""tmoney""]","[20500, 24800]"
광주,진도,DIRECT_PROVIDER,DIRECT_PROVIDER,15300,19900,False,,,,,"[""광주"", ""진도""]","[""광주"", ""진도""]","[""tmoney""]","[15300, 19900]"
광주,남악,DIRECT_PROVIDER,DIRECT_PROVIDER,7200,9300,False,,,,,"[""광주"", ""남악""]","[""광주"", ""남악""]","[""tmoney""]","[7200, 9300]"
목포,광주,DIRECT_PROVIDER,DIRECT_PROVIDER,7200,9300,False,,,,,"[""목포"", ""광주""]","[""목포"", ""광주""]","[""bustago"", ""kobus"", ""tmoney""]","[7200, 9300]"
목포,여수,DIRECT_PROVIDER,DIRECT_PROVIDER,16500,21400,False,,,,,"[""목포"", ""여수""]","[""목포"", ""여수""]","[""bustago"", ""tmoney""]","[16500, 21400]"
목포,순천,DIRECT_PROVIDER,DIRECT_PROVIDER,11500,15000,False,,,,,"[""목포"", ""순천""]","[""목포"", ""순천""]","[""bustago"", ""tmoney""]","[11500, 15000]"
목포,나주,DIRECT_PROVIDER,DIRECT_PROVIDER,7300,7300,False,,,,,"[""목포"", ""나주""]","[""목포"", ""나주""]","[""bustago"", ""tmoney""]",[7300]
목포,광양,DIRECT_PROVIDER,DIRECT_PROVIDER,13700,17800,False,,,,,"[""목포"", ""광양""]","[""목포"", ""광양""]","[""tmoney""]",[13700]
목포,담양,TRANSFER_TRUSTED,TRANSFER_TRUSTED,10100,12200,False,,,,,"[""목포"", ""광주"", ""담양""]","[""목포"", ""광주"", ""담양""]","[""bustago"", ""kobus"", ""tmoney""]",[10100]
목포,곡성,TRANSFER_TRUSTED,TRANSFER_TRUSTED,12700,14800,False,,,,,"[""목포"", ""광주"", ""곡성""]","[""목포"", ""광주"", ""곡성""]","[""bustago"", ""kobus"", ""tmoney""]",[12700]
목포,구례,TRANSFER_TRUSTED,TRANSFER_TRUSTED,16700,19100,False,,,,,"[""목포"", ""순천"", ""구례""]","[""목포"", ""광주"", ""구례""]","[""bustago"", ""tmoney""]",[17000]
목포,고흥,DIRECT_PROVIDER,DIRECT_PROVIDER,23300,23300,False,,,,,"[""목포"", ""고흥""]","[""목포"", ""고흥""]","[""tmoney""]",[18600]
목포,보성,DIRECT_PROVIDER,DIRECT_PROVIDER,13500,13500,False,,,,,"[""목포"", ""보성""]","[""목포"", ""보성""]","[""tmoney""]",[13500]
목포,화순,TRANSFER_TRUSTED,TRANSFER_TRUSTED,9700,12500,False,,,,,"[""목포"", ""광주"", ""화순""]","[""목포"", ""광주"", ""화순""]","[""bustago"", ""kobus"", ""tmoney""]",[9700]
목포,장흥,DIRECT_PROVIDER,DIRECT_PROVIDER,10200,10200,False,,,,,"[""목포"", ""장흥""]","[""목포"", ""장흥""]","[""bustago"", ""tmoney""]",[10200]
목포,강진,DIRECT_PROVIDER,DIRECT_PROVIDER,7800,7800,False,,,,,"[""목포"", ""강진""]","[""목포"", ""강진""]","[""bustago"", ""tmoney""]",[7800]
목포,해남,DIRECT_PROVIDER,DIRECT_PROVIDER,8700,8700,False,,,,,"[""목포"", ""해남""]","[""목포"", ""해남""]","[""bustago"", ""tmoney""]",[8700]
목포,영암,DIRECT_PROVIDER,DIRECT_PROVIDER,6400,6400,False,,,,,"[""목포"", ""영암""]","[""목포"", ""영암""]","[""bustago""]",[6400]
목포,무안,DIRECT_PROVIDER,DIRECT_PROVIDER,3200,3200,False,,,,,"[""목포"", ""무안""]","[""목포"", ""무안""]","[""bustago"", ""tmoney""]",[3200]
목포,함평,DIRECT_PROVIDER,DIRECT_PROVIDER,5100,5100,False,,,,,"[""목포"", ""함평""]","[""목포"", ""함평""]","[""tmoney""]",[5100]
목포,영광,DIRECT_PROVIDER,DIRECT_PROVIDER,8700,8700,False,,,,,"[""목포"", ""영광""]","[""목포"", ""영광""]","[""tmoney""]",[8700]
목포,장성,TRANSFER_TRUSTED,TRANSFER_TRUSTED,9600,11700,False,,,,,"[""목포"", ""광주"", ""장성""]","[""목포"", ""광주"", ""장성""]","[""bustago"", ""kobus"", ""tmoney""]",[9600]
목포,완도,DIRECT_PROVIDER,DIRECT_PROVIDER,15700,15700,False,,,,,"[""목포"", ""완도""]","[""목포"", ""완도""]","[""bustago"", ""tmoney""]",[15700]
목포,진도,DIRECT_PROVIDER,DIRECT_PROVIDER,8300,10800,False,,,,,"[""목포"", ""진도""]","[""목포"", ""진도""]","[""bustago"", ""tmoney""]","[8300, 10800]"
목포,남악,DIRECT_PROVIDER,DIRECT_PROVIDER,1700,1700,False,,,,,"[""목포"", ""남악""]","[""목포"", ""남악""]","[""tmoney""]",[1700]
여수,광주,DIRECT_PROVIDER,DIRECT_PROVIDER,13000,16800,False,,,,,"[""여수"", ""광주""]","[""여수"", ""광주""]","[""tmoney""]","[13000, 16800]"
여수,목포,DIRECT_PROVIDER,DIRECT_PROVIDER,16500,21400,False,,,,,"[""여수"", ""목포""]","[""여수"", ""목포""]","[""bustago"", ""tmoney""]","[16500, 21400]"
여수,순천,DIRECT_PROVIDER,DIRECT_PROVIDER,5000,5000,False,,,,,"[""여수"", ""순천""]","[""여수"", ""순천""]","[""tmoney""]",[5000]
여수,나주,TRANSFER_TRUSTED,TRANSFER_TRUSTED,17300,23600,False,,,,,"[""여수"", ""광주"", ""나주""]","[""여수"", ""광주"", ""나주""]","[""bustago"", ""tmoney""]",[17300]
여수,광양,DIRECT_PROVIDER,DIRECT_PROVIDER,7500,7500,False,,,,,"[""여수"", ""광양""]","[""여수"", ""광양""]","[""tmoney""]",[7500]
여수,담양,TRANSFER_TRUSTED,TRANSFER_TRUSTED,15900,19700,False,,,,,"[""여수"", ""광주"", ""담양""]","[""여수"", ""광주"", ""담양""]","[""bustago"", ""tmoney""]",[15900]
여수,곡성,TRANSFER_TRUSTED,TRANSFER_TRUSTED,14500,14500,False,,,,,"[""여수"", ""구례"", ""곡성""]","[""여수"", ""구례"", ""곡성""]","[""tmoney""]",[18500]
여수,구례,DIRECT_PROVIDER,DIRECT_PROVIDER,10200,10200,False,,,,,"[""여수"", ""구례""]","[""여수"", ""구례""]","[""tmoney""]",[10200]
여수,고흥,DIRECT_PROVIDER,DIRECT_PROVIDER,13600,17700,False,,,,,"[""여수"", ""고흥""]","[""여수"", ""고흥""]","[""tmoney""]",[13600]
여수,보성,DIRECT_PROVIDER,DIRECT_PROVIDER,12800,12800,False,,,,,"[""여수"", ""보성""]","[""여수"", ""보성""]","[""tmoney""]",[12800]
여수,화순,TRANSFER_TRUSTED,TRANSFER_TRUSTED,15500,20000,False,,,,,"[""여수"", ""광주"", ""화순""]","[""여수"", ""광주"", ""화순""]","[""tmoney""]",[15500]
여수,장흥,DIRECT_PROVIDER,DIRECT_PROVIDER,16100,16100,False,,,,,"[""여수"", ""장흥""]","[""여수"", ""장흥""]","[""tmoney""]",[16100]
여수,강진,DIRECT_PROVIDER,DIRECT_PROVIDER,18500,18500,False,,,,,"[""여수"", ""강진""]","[""여수"", ""강진""]","[""tmoney""]",[18500]
여수,해남,DIRECT_PROVIDER,DIRECT_PROVIDER,21500,21500,False,,,,,"[""여수"", ""해남""]","[""여수"", ""해남""]","[""tmoney""]",[21500]
여수,영암,TRANSFER_TRUSTED,TRANSFER_TRUSTED,20700,20700,False,,,,,"[""여수"", ""장흥"", ""영암""]","[""여수"", ""장흥"", ""영암""]","[""bustago"", ""tmoney""]",[22400]
여수,무안,TRANSFER_TRUSTED,TRANSFER_TRUSTED,19000,23800,False,,,,,"[""여수"", ""광주"", ""무안""]","[""여수"", ""남악"", ""무안""]","[""tmoney""]",[19000]
여수,함평,TRANSFER_TRUSTED,TRANSFER_TRUSTED,17500,22600,False,,,,,"[""여수"", ""광주"", ""함평""]","[""여수"", ""광주"", ""함평""]","[""tmoney""]",[17500]
여수,영광,TRANSFER_TRUSTED,TRANSFER_TRUSTED,20300,26300,False,,,,,"[""여수"", ""광주"", ""영광""]","[""여수"", ""광주"", ""영광""]","[""tmoney""]",[20300]
여수,장성,TRANSFER_TRUSTED,TRANSFER_TRUSTED,15400,19200,False,,,,,"[""여수"", ""광주"", ""장성""]","[""여수"", ""광주"", ""장성""]","[""tmoney""]",[15400]
여수,완도,TRANSFER_TRUSTED,TRANSFER_TRUSTED,26400,26400,False,,,,,"[""여수"", ""강진"", ""완도""]","[""여수"", ""강진"", ""완도""]","[""tmoney""]",[28200]
여수,진도,TRANSFER_TRUSTED,TRANSFER_TRUSTED,23400,28700,False,,,,,"[""여수"", ""남악"", ""진도""]","[""여수"", ""보성"", ""진도""]","[""tmoney""]",[24800]
여수,남악,DIRECT_PROVIDER,DIRECT_PROVIDER,15600,20200,False,,,,,"[""여수"", ""남악""]","[""여수"", ""남악""]","[""tmoney""]","[15600, 20200]"
순천,광주,DIRECT_PROVIDER,DIRECT_PROVIDER,8400,11000,False,,,,,"[""순천"", ""광주""]","[""순천"", ""광주""]","[""tmoney""]","[8400, 11000]"
순천,목포,DIRECT_PROVIDER,DIRECT_PROVIDER,11500,15000,False,,,,,"[""순천"", ""목포""]","[""순천"", ""목포""]","[""bustago"", ""tmoney""]","[11500, 15000]"
순천,여수,DIRECT_PROVIDER,DIRECT_PROVIDER,5000,5000,False,,,,,"[""순천"", ""여수""]","[""순천"", ""여수""]","[""tmoney""]",[5000]
순천,나주,TRANSFER_TRUSTED,TRANSFER_TRUSTED,12700,17800,False,,,,,"[""순천"", ""광주"", ""나주""]","[""순천"", ""광주"", ""나주""]","[""bustago"", ""tmoney""]",[12700]
순천,광양,DIRECT_PROVIDER,DIRECT_PROVIDER,2500,3200,False,,,,,"[""순천"", ""광양""]","[""순천"", ""광양""]","[""tmoney""]",[2500]
순천,담양,TRANSFER_TRUSTED,TRANSFER_TRUSTED,11300,13900,False,,,,,"[""순천"", ""광주"", ""담양""]","[""순천"", ""광주"", ""담양""]","[""bustago"", ""tmoney""]",[10100]
순천,곡성,TRANSFER_TRUSTED,TRANSFER_TRUSTED,9500,9500,False,,,,,"[""순천"", ""구례"", ""곡성""]","[""순천"", ""구례"", ""곡성""]","[""tmoney""]",[9400]
순천,구례,DIRECT_PROVIDER,DIRECT_PROVIDER,5200,5200,False,,,,,"[""순천"", ""구례""]","[""순천"", ""구례""]","[""tmoney""]",[5200]
순천,고흥,DIRECT_PROVIDER,DIRECT_PROVIDER,8700,11300,False,,,,,"[""순천"", ""고흥""]","[""순천"", ""고흥""]","[""bustago"", ""tmoney""]",[8700]
순천,보성,DIRECT_PROVIDER,DIRECT_PROVIDER,7900,7900,False,,,,,"[""순천"", ""보성""]","[""순천"", ""보성""]","[""tmoney""]",[7900]
순천,화순,TRANSFER_TRUSTED,TRANSFER_TRUSTED,10900,14200,False,,,,,"[""순천"", ""광주"", ""화순""]","[""순천"", ""광주"", ""화순""]","[""tmoney""]",[9700]
순천,장흥,DIRECT_PROVIDER,DIRECT_PROVIDER,11100,11100,False,,,,,"[""순천"", ""장흥""]","[""순천"", ""장흥""]","[""tmoney""]",[11100]
순천,강진,DIRECT_PROVIDER,DIRECT_PROVIDER,13500,13500,False,,,,,"[""순천"", ""강진""]","[""순천"", ""강진""]","[""tmoney""]",[13500]
순천,해남,DIRECT_PROVIDER,DIRECT_PROVIDER,16500,16500,False,,,,,"[""순천"", ""해남""]","[""순천"", ""해남""]","[""tmoney""]",[16600]
순천,영암,TRANSFER_TRUSTED,TRANSFER_TRUSTED,15700,15700,False,,,,,"[""순천"", ""장흥"", ""영암""]","[""순천"", ""장흥"", ""영암""]","[""bustago"", ""tmoney""]",[17500]
순천,무안,TRANSFER_TRUSTED,TRANSFER_TRUSTED,14200,17400,False,,,,,"[""순천"", ""남악"", ""무안""]","[""순천"", ""남악"", ""무안""]","[""tmoney""]","[14700, 18200]"
순천,함평,TRANSFER_TRUSTED,TRANSFER_TRUSTED,12900,16800,False,,,,,"[""순천"", ""광주"", ""함평""]","[""순천"", ""광주"", ""함평""]","[""tmoney""]",[12900]
순천,영광,TRANSFER_TRUSTED,TRANSFER_TRUSTED,15700,20500,False,,,,,"[""순천"", ""광주"", ""영광""]","[""순천"", ""광주"", ""영광""]","[""tmoney""]",[15700]
순천,장성,TRANSFER_TRUSTED,TRANSFER_TRUSTED,10800,13400,False,,,,,"[""순천"", ""광주"", ""장성""]","[""순천"", ""광주"", ""장성""]","[""tmoney""]",[10800]
순천,완도,DIRECT_PROVIDER,DIRECT_PROVIDER,23200,23200,False,,,,,"[""순천"", ""완도""]","[""순천"", ""완도""]","[""tmoney""]",[23200]
순천,진도,DIRECT_PROVIDER,DIRECT_PROVIDER,23800,23800,False,,,,,"[""순천"", ""진도""]","[""순천"", ""진도""]","[""tmoney""]",[23900]
순천,남악,DIRECT_PROVIDER,DIRECT_PROVIDER,10600,13800,False,,,,,"[""순천"", ""남악""]","[""순천"", ""남악""]","[""tmoney""]","[10600, 13800]"
나주,광주,DIRECT_PROVIDER,DIRECT_PROVIDER,4300,6800,False,,,,,"[""나주"", ""광주""]","[""나주"", ""광주""]","[""bustago"", ""tmoney""]",[4300]
나주,목포,DIRECT_PROVIDER,DIRECT_PROVIDER,7300,7300,False,,,,,"[""나주"", ""목포""]","[""나주"", ""목포""]","[""bustago"", ""tmoney""]",[7300]
나주,여수,TRANSFER_TRUSTED,TRANSFER_TRUSTED,17300,23600,False,,,,,"[""나주"", ""광주"", ""여수""]","[""나주"", ""광주"", ""여수""]","[""bustago"", ""tmoney""]",[17300]
나주,순천,TRANSFER_TRUSTED,TRANSFER_TRUSTED,12700,17800,False,,,,,"[""나주"", ""광주"", ""순천""]","[""나주"", ""광주"", ""순천""]","[""bustago"", ""tmoney""]",[12700]
나주,광양,TRANSFER_TRUSTED,TRANSFER_TRUSTED,12700,17700,False,,,,,"[""나주"", ""광주"", ""광양""]","[""나주"", ""광주"", ""광양""]","[""bustago"", ""tmoney""]",[12700]
나주,담양,TRANSFER_TRUSTED,TRANSFER_TRUSTED,7200,9700,False,,,,,"[""나주"", ""광주"", ""담양""]","[""나주"", ""광주"", ""담양""]","[""bustago"", ""tmoney""]",[7200]
나주,곡성,TRANSFER_TRUSTED,TRANSFER_TRUSTED,9800,12300,False,,,,,"[""나주"", ""광주"", ""곡성""]","[""나주"", ""광주"", ""곡성""]","[""bustago"", ""tmoney""]",[9800]
나주,구례,TRANSFER_TRUSTED,TRANSFER_TRUSTED,14100,16600,False,,,,,"[""나주"", ""광주"", ""구례""]","[""나주"", ""광주"", ""구례""]","[""bustago"", ""tmoney""]",[14100]
나주,고흥,TRANSFER_TRUSTED,TRANSFER_TRUSTED,20500,23800,False,,,,,"[""나주"", ""광주"", ""고흥""]","[""나주"", ""강진"", ""고흥""]","[""bustago"", ""tmoney""]",[20500]
나주,보성,TRANSFER_TRUSTED,TRANSFER_TRUSTED,12200,12200,False,,,,,"[""나주"", ""장흥"", ""보성""]","[""나주"", ""장흥"", ""보성""]","[""tmoney""]",[14800]
나주,화순,TRANSFER_TRUSTED,TRANSFER_TRUSTED,6800,10000,False,,,,,"[""나주"", ""광주"", ""화순""]","[""나주"", ""광주"", ""화순""]","[""bustago"", ""tmoney""]",[6800]
나주,장흥,DIRECT_PROVIDER,DIRECT_PROVIDER,9000,9000,False,,,,,"[""나주"", ""장흥""]","[""나주"", ""장흥""]","[""tmoney""]",[9000]
나주,강진,DIRECT_PROVIDER,DIRECT_PROVIDER,8200,8200,False,,,,,"[""나주"", ""강진""]","[""나주"", ""강진""]","[""tmoney""]",[8200]
나주,해남,DIRECT_PROVIDER,DIRECT_PROVIDER,9900,9900,False,,,,,"[""나주"", ""해남""]","[""나주"", ""해남""]","[""tmoney""]",[9900]
나주,영암,DIRECT_PROVIDER,DIRECT_PROVIDER,4400,4400,False,,,,,"[""나주"", ""영암""]","[""나주"", ""영암""]","[""tmoney""]",[4400]
나주,무안,DIRECT_PROVIDER,DIRECT_PROVIDER,4100,4100,False,,,,,"[""나주"", ""무안""]","[""나주"", ""무안""]","[""tmoney""]",[4100]
나주,함평,DIRECT_PROVIDER,DIRECT_PROVIDER,3700,3700,False,,,,,"[""나주"", ""함평""]","[""나주"", ""함평""]","[""tmoney""]",[3700]
나주,영광,TRANSFER_TRUSTED,TRANSFER_TRUSTED,7300,7300,False,,,,,"[""나주"", ""함평"", ""영광""]","[""나주"", ""함평"", ""영광""]","[""tmoney""]",[7400]
나주,장성,TRANSFER_TRUSTED,TRANSFER_TRUSTED,6700,9200,False,,,,,"[""나주"", ""광주"", ""장성""]","[""나주"", ""광주"", ""장성""]","[""bustago"", ""tmoney""]",[6700]
나주,완도,DIRECT_PROVIDER,DIRECT_PROVIDER,16600,16600,False,,,,,"[""나주"", ""완도""]","[""나주"", ""완도""]","[""tmoney""]",[16600]
나주,진도,DIRECT_PROVIDER,DIRECT_PROVIDER,17200,17200,False,,,,,"[""나주"", ""진도""]","[""나주"", ""진도""]","[""tmoney""]",[17200]
나주,남악,TRANSFER_TRUSTED,DIRECT_SOURCE_VERIFIED,8200,8200,True,BUSTIME 남악→나주,2026-07-12,https://ko.bustime.co.kr/plans/intercity/namak/naju/details.html,HIGH_SOURCE_EXPLICIT_REVERSE_ACCEPTED,"[""나주"", ""무안"", ""남악""]","[""나주"", ""무안"", ""남악""]","[""tmoney""]",[9000]
광양,광주,DIRECT_PROVIDER,DIRECT_PROVIDER,8400,10900,False,,,,,"[""광양"", ""광주""]","[""광양"", ""광주""]","[""tmoney""]",[8400]
광양,목포,DIRECT_PROVIDER,DIRECT_PROVIDER,13700,17800,False,,,,,"[""광양"", ""목포""]","[""광양"", ""목포""]","[""tmoney""]",[13700]
광양,여수,DIRECT_PROVIDER,DIRECT_PROVIDER,7500,7500,False,,,,,"[""광양"", ""여수""]","[""광양"", ""여수""]","[""tmoney""]",[7500]
광양,순천,DIRECT_PROVIDER,DIRECT_PROVIDER,2500,3200,False,,,,,"[""광양"", ""순천""]","[""광양"", ""순천""]","[""tmoney""]",[2500]
광양,나주,TRANSFER_TRUSTED,TRANSFER_TRUSTED,12700,17700,False,,,,,"[""광양"", ""광주"", ""나주""]","[""광양"", ""광주"", ""나주""]","[""bustago"", ""tmoney""]",[12700]
광양,담양,TRANSFER_TRUSTED,TRANSFER_TRUSTED,11300,13800,False,,,,,"[""광양"", ""광주"", ""담양""]","[""광양"", ""광주"", ""담양""]","[""bustago"", ""tmoney""]",[11300]
광양,곡성,TRANSFER_TRUSTED,TRANSFER_TRUSTED,13900,16400,False,,,,,"[""광양"", ""광주"", ""곡성""]","[""광양"", ""광주"", ""곡성""]","[""tmoney""]",[13900]
광양,구례,TRANSFER_TRUSTED,TRANSFER_TRUSTED,7700,8400,False,,,,,"[""광양"", ""순천"", ""구례""]","[""광양"", ""순천"", ""구례""]","[""tmoney""]",[7700]
광양,고흥,DIRECT_PROVIDER,DIRECT_PROVIDER,11200,14500,False,,,,,"[""광양"", ""고흥""]","[""광양"", ""고흥""]","[""tmoney""]",[10200]
광양,보성,DIRECT_PROVIDER,DIRECT_PROVIDER,9900,9900,False,,,,,"[""광양"", ""보성""]","[""광양"", ""보성""]","[""tmoney""]",[9900]
광양,화순,TRANSFER_TRUSTED,TRANSFER_TRUSTED,10900,14100,False,,,,,"[""광양"", ""광주"", ""화순""]","[""광양"", ""광주"", ""화순""]","[""tmoney""]",[10900]
광양,장흥,DIRECT_PROVIDER,DIRECT_PROVIDER,13200,13200,False,,,,,"[""광양"", ""장흥""]","[""광양"", ""장흥""]","[""tmoney""]",[13200]
광양,강진,DIRECT_PROVIDER,DIRECT_PROVIDER,15600,15600,False,,,,,"[""광양"", ""강진""]","[""광양"", ""강진""]","[""tmoney""]",[15600]
광양,해남,DIRECT_PROVIDER,DIRECT_PROVIDER,19100,19100,False,,,,,"[""광양"", ""해남""]","[""광양"", ""해남""]","[""tmoney""]",[19100]
광양,영암,TRANSFER_TRUSTED,TRANSFER_TRUSTED,17100,17800,False,,,,,"[""광양"", ""광주"", ""영암""]","[""광양"", ""장흥"", ""영암""]","[""bustago"", ""tmoney""]",[19500]
광양,무안,TRANSFER_TRUSTED,TRANSFER_TRUSTED,14400,18700,False,,,,,"[""광양"", ""광주"", ""무안""]","[""광양"", ""광주"", ""무안""]","[""tmoney""]",[14400]
광양,함평,TRANSFER_TRUSTED,TRANSFER_TRUSTED,12900,16700,False,,,,,"[""광양"", ""광주"", ""함평""]","[""광양"", ""광주"", ""함평""]","[""tmoney""]",[12900]
광양,영광,TRANSFER_TRUSTED,TRANSFER_TRUSTED,15700,20400,False,,,,,"[""광양"", ""광주"", ""영광""]","[""광양"", ""광주"", ""영광""]","[""tmoney""]",[15700]
광양,장성,TRANSFER_TRUSTED,TRANSFER_TRUSTED,10800,13300,False,,,,,"[""광양"", ""광주"", ""장성""]","[""광양"", ""광주"", ""장성""]","[""tmoney""]",[10800]
광양,완도,DIRECT_PROVIDER,DIRECT_PROVIDER,25800,25800,False,,,,,"[""광양"", ""완도""]","[""광양"", ""완도""]","[""tmoney""]",[25800]
광양,진도,DIRECT_PROVIDER,DIRECT_PROVIDER,28400,28400,False,,,,,"[""광양"", ""진도""]","[""광양"", ""진도""]","[""tmoney""]",[23400]
광양,남악,DIRECT_PROVIDER,DIRECT_PROVIDER,16700,16700,False,,,,,"[""광양"", ""남악""]","[""광양"", ""남악""]","[""tmoney""]",[11700]
담양,광주,DIRECT_PROVIDER,DIRECT_PROVIDER,2900,2900,False,,,,,"[""담양"", ""광주""]","[""담양"", ""광주""]","[""bustago"", ""tmoney""]",[2900]
담양,목포,TRANSFER_TRUSTED,TRANSFER_TRUSTED,10100,12200,False,,,,,"[""담양"", ""광주"", ""목포""]","[""담양"", ""광주"", ""목포""]","[""bustago"", ""kobus"", ""tmoney""]",[10100]
담양,여수,TRANSFER_TRUSTED,TRANSFER_TRUSTED,15900,19700,False,,,,,"[""담양"", ""광주"", ""여수""]","[""담양"", ""광주"", ""여수""]","[""bustago"", ""tmoney""]",[15900]
담양,순천,TRANSFER_TRUSTED,TRANSFER_TRUSTED,11300,13900,False,,,,,"[""담양"", ""광주"", ""순천""]","[""담양"", ""광주"", ""순천""]","[""bustago"", ""tmoney""]",[10100]
담양,나주,TRANSFER_TRUSTED,TRANSFER_TRUSTED,7200,9700,False,,,,,"[""담양"", ""광주"", ""나주""]","[""담양"", ""광주"", ""나주""]","[""bustago"", ""tmoney""]",[7200]
담양,광양,TRANSFER_TRUSTED,TRANSFER_TRUSTED,11300,13800,False,,,,,"[""담양"", ""광주"", ""광양""]","[""담양"", ""광주"", ""광양""]","[""bustago"", ""tmoney""]",[11300]
담양,곡성,TRANSFER_TRUSTED,TRANSFER_TRUSTED,8400,8400,False,,,,,"[""담양"", ""광주"", ""곡성""]","[""담양"", ""광주"", ""곡성""]","[""bustago"", ""tmoney""]",[8400]
담양,구례,TRANSFER_TRUSTED,TRANSFER_TRUSTED,12700,12700,False,,,,,"[""담양"", ""광주"", ""구례""]","[""담양"", ""광주"", ""구례""]","[""bustago"", ""tmoney""]",[12700]
담양,고흥,TRANSFER_TRUSTED,TRANSFER_TRUSTED,19100,23900,False,,,,,"[""담양"", ""광주"", ""고흥""]","[""담양"", ""광주"", ""고흥""]","[""bustago"", ""tmoney""]",[19100]
담양,보성,TRANSFER_TRUSTED,TRANSFER_TRUSTED,13400,14400,False,,,,,"[""담양"", ""광주"", ""보성""]","[""담양"", ""광주"", ""보성""]","[""bustago"", ""tmoney""]",[13400]
담양,화순,TRANSFER_TRUSTED,TRANSFER_TRUSTED,5400,6100,False,,,,,"[""담양"", ""광주"", ""화순""]","[""담양"", ""광주"", ""화순""]","[""bustago"", ""tmoney""]",[8000]
담양,장흥,TRANSFER_TRUSTED,TRANSFER_TRUSTED,14400,17800,False,,,,,"[""담양"", ""광주"", ""장흥""]","[""담양"", ""광주"", ""장흥""]","[""bustago"", ""tmoney""]",[14400]
담양,강진,TRANSFER_TRUSTED,TRANSFER_TRUSTED,14600,18100,False,,,,,"[""담양"", ""광주"", ""강진""]","[""담양"", ""광주"", ""강진""]","[""bustago"", ""tmoney""]",[14600]
담양,해남,TRANSFER_TRUSTED,TRANSFER_TRUSTED,16600,19800,False,,,,,"[""담양"", ""광주"", ""해남""]","[""담양"", ""광주"", ""해남""]","[""bustago"", ""tmoney""]",[16600]
담양,영암,TRANSFER_TRUSTED,TRANSFER_TRUSTED,11600,11600,False,,,,,"[""담양"", ""광주"", ""영암""]","[""담양"", ""광주"", ""영암""]","[""bustago"", ""tmoney""]",[11600]
담양,무안,TRANSFER_TRUSTED,TRANSFER_TRUSTED,8900,10700,False,,,,,"[""담양"", ""광주"", ""무안""]","[""담양"", ""광주"", ""무안""]","[""bustago"", ""tmoney""]",[8900]
담양,함평,TRANSFER_TRUSTED,TRANSFER_TRUSTED,7400,8700,False,,,,,"[""담양"", ""광주"", ""함평""]","[""담양"", ""광주"", ""함평""]","[""bustago"", ""tmoney""]",[7400]
담양,영광,TRANSFER_TRUSTED,TRANSFER_TRUSTED,10200,12400,False,,,,,"[""담양"", ""광주"", ""영광""]","[""담양"", ""광주"", ""영광""]","[""bustago"", ""tmoney""]",[10200]
담양,장성,TRANSFER_TRUSTED,TRANSFER_TRUSTED,5300,5300,False,,,,,"[""담양"", ""광주"", ""장성""]","[""담양"", ""광주"", ""장성""]","[""bustago"", ""tmoney""]",[5300]
담양,완도,TRANSFER_TRUSTED,TRANSFER_TRUSTED,23400,27700,False,,,,,"[""담양"", ""광주"", ""완도""]","[""담양"", ""광주"", ""완도""]","[""bustago"", ""tmoney""]",[23400]
담양,진도,TRANSFER_TRUSTED,TRANSFER_TRUSTED,18200,22800,False,,,,,"[""담양"", ""광주"", ""진도""]","[""담양"", ""광주"", ""진도""]","[""bustago"", ""tmoney""]",[18200]
담양,남악,TRANSFER_TRUSTED,TRANSFER_TRUSTED,10100,12200,False,,,,,"[""담양"", ""광주"", ""남악""]","[""담양"", ""광주"", ""남악""]","[""bustago"", ""tmoney""]",[10100]
곡성,광주,DIRECT_PROVIDER,DIRECT_PROVIDER,5500,5500,False,,,,,"[""곡성"", ""광주""]","[""곡성"", ""광주""]","[""tmoney""]",[5500]
곡성,목포,TRANSFER_TRUSTED,TRANSFER_TRUSTED,12700,14800,False,,,,,"[""곡성"", ""광주"", ""목포""]","[""곡성"", ""광주"", ""목포""]","[""bustago"", ""kobus"", ""tmoney""]",[12700]
곡성,여수,TRANSFER_TRUSTED,TRANSFER_TRUSTED,14500,14500,False,,,,,"[""곡성"", ""구례"", ""여수""]","[""곡성"", ""구례"", ""여수""]","[""tmoney""]",[18500]
곡성,순천,TRANSFER_TRUSTED,TRANSFER_TRUSTED,9500,9500,False,,,,,"[""곡성"", ""구례"", ""순천""]","[""곡성"", ""구례"", ""순천""]","[""tmoney""]",[9400]
곡성,나주,TRANSFER_TRUSTED,TRANSFER_TRUSTED,9800,12300,False,,,,,"[""곡성"", ""광주"", ""나주""]","[""곡성"", ""광주"", ""나주""]","[""bustago"", ""tmoney""]",[9800]
곡성,광양,TRANSFER_TRUSTED,TRANSFER_TRUSTED,13900,16400,False,,,,,"[""곡성"", ""광주"", ""광양""]","[""곡성"", ""광주"", ""광양""]","[""tmoney""]",[13900]
곡성,담양,TRANSFER_TRUSTED,TRANSFER_TRUSTED,8400,8400,False,,,,,"[""곡성"", ""광주"", ""담양""]","[""곡성"", ""광주"", ""담양""]","[""bustago"", ""tmoney""]",[8400]
곡성,구례,DIRECT_PROVIDER,DIRECT_PROVIDER,4300,4300,False,,,,,"[""곡성"", ""구례""]","[""곡성"", ""구례""]","[""tmoney""]",[4300]
곡성,고흥,TRANSFER_TRUSTED,TRANSFER_TRUSTED,21700,26500,False,,,,,"[""곡성"", ""광주"", ""고흥""]","[""곡성"", ""광주"", ""고흥""]","[""tmoney""]",[21400]
곡성,보성,TRANSFER_TRUSTED,TRANSFER_TRUSTED,16000,17000,False,,,,,"[""곡성"", ""광주"", ""보성""]","[""곡성"", ""광주"", ""보성""]","[""bustago"", ""tmoney""]",[17300]
곡성,화순,TRANSFER_TRUSTED,TRANSFER_TRUSTED,8000,8700,False,,,,,"[""곡성"", ""광주"", ""화순""]","[""곡성"", ""광주"", ""화순""]","[""tmoney""]",[8000]
곡성,장흥,TRANSFER_TRUSTED,TRANSFER_TRUSTED,17000,20400,False,,,,,"[""곡성"", ""광주"", ""장흥""]","[""곡성"", ""광주"", ""장흥""]","[""tmoney""]",[17000]
곡성,강진,TRANSFER_TRUSTED,TRANSFER_TRUSTED,17200,20700,False,,,,,"[""곡성"", ""광주"", ""강진""]","[""곡성"", ""광주"", ""강진""]","[""bustago"", ""tmoney""]",[17200]
곡성,해남,TRANSFER_TRUSTED,TRANSFER_TRUSTED,19200,22400,False,,,,,"[""곡성"", ""광주"", ""해남""]","[""곡성"", ""광주"", ""해남""]","[""bustago"", ""tmoney""]",[19200]
곡성,영암,TRANSFER_TRUSTED,TRANSFER_TRUSTED,14200,14200,False,,,,,"[""곡성"", ""광주"", ""영암""]","[""곡성"", ""광주"", ""영암""]","[""bustago"", ""tmoney""]",[14200]
곡성,무안,TRANSFER_TRUSTED,TRANSFER_TRUSTED,11500,13300,False,,,,,"[""곡성"", ""광주"", ""무안""]","[""곡성"", ""광주"", ""무안""]","[""tmoney""]",[11500]
곡성,함평,TRANSFER_TRUSTED,TRANSFER_TRUSTED,10000,11300,False,,,,,"[""곡성"", ""광주"", ""함평""]","[""곡성"", ""광주"", ""함평""]","[""tmoney""]",[8800]
곡성,영광,TRANSFER_TRUSTED,TRANSFER_TRUSTED,12800,15000,False,,,,,"[""곡성"", ""광주"", ""영광""]","[""곡성"", ""광주"", ""영광""]","[""tmoney""]",[12800]
곡성,장성,TRANSFER_TRUSTED,TRANSFER_TRUSTED,7900,7900,False,,,,,"[""곡성"", ""광주"", ""장성""]","[""곡성"", ""광주"", ""장성""]","[""tmoney""]",[7900]
곡성,완도,TRANSFER_TRUSTED,TRANSFER_TRUSTED,26000,30300,False,,,,,"[""곡성"", ""광주"", ""완도""]","[""곡성"", ""광주"", ""완도""]","[""bustago"", ""tmoney""]",[23000]
곡성,진도,TRANSFER_TRUSTED,TRANSFER_TRUSTED,20800,25400,False,,,,,"[""곡성"", ""광주"", ""진도""]","[""곡성"", ""광주"", ""진도""]","[""tmoney""]",[20800]
곡성,남악,TRANSFER_TRUSTED,TRANSFER_TRUSTED,12700,14800,False,,,,,"[""곡성"", ""광주"", ""남악""]","[""곡성"", ""광주"", ""남악""]","[""tmoney""]",[12700]
구례,광주,DIRECT_PROVIDER,DIRECT_PROVIDER,9800,9800,False,,,,,"[""구례"", ""광주""]","[""구례"", ""광주""]","[""tmoney""]",[9800]
구례,목포,TRANSFER_TRUSTED,TRANSFER_TRUSTED,16700,19100,False,,,,,"[""구례"", ""순천"", ""목포""]","[""구례"", ""광주"", ""목포""]","[""bustago"", ""tmoney""]",[17000]
구례,여수,DIRECT_PROVIDER,DIRECT_PROVIDER,10200,10200,False,,,,,"[""구례"", ""여수""]","[""구례"", ""여수""]","[""tmoney""]",[10200]
구례,순천,DIRECT_PROVIDER,DIRECT_PROVIDER,5200,5200,False,,,,,"[""구례"", ""순천""]","[""구례"", ""순천""]","[""tmoney""]",[5200]
구례,나주,TRANSFER_TRUSTED,TRANSFER_TRUSTED,14100,16600,False,,,,,"[""구례"", ""광주"", ""나주""]","[""구례"", ""광주"", ""나주""]","[""bustago"", ""tmoney""]",[14100]
구례,광양,TRANSFER_TRUSTED,TRANSFER_TRUSTED,7700,8400,False,,,,,"[""구례"", ""순천"", ""광양""]","[""구례"", ""순천"", ""광양""]","[""tmoney""]",[7700]
구례,담양,TRANSFER_TRUSTED,TRANSFER_TRUSTED,12700,12700,False,,,,,"[""구례"", ""광주"", ""담양""]","[""구례"", ""광주"", ""담양""]","[""bustago"", ""tmoney""]",[12700]
구례,곡성,DIRECT_PROVIDER,DIRECT_PROVIDER,4300,4300,False,,,,,"[""구례"", ""곡성""]","[""구례"", ""곡성""]","[""tmoney""]",[4300]
구례,고흥,TRANSFER_TRUSTED,TRANSFER_TRUSTED,13900,16500,False,,,,,"[""구례"", ""순천"", ""고흥""]","[""구례"", ""순천"", ""고흥""]","[""bustago"", ""tmoney""]",[13900]
구례,보성,TRANSFER_TRUSTED,TRANSFER_TRUSTED,13100,13100,False,,,,,"[""구례"", ""순천"", ""보성""]","[""구례"", ""순천"", ""보성""]","[""tmoney""]",[13100]
구례,화순,TRANSFER_TRUSTED,TRANSFER_TRUSTED,12300,13000,False,,,,,"[""구례"", ""광주"", ""화순""]","[""구례"", ""광주"", ""화순""]","[""tmoney""]",[12300]
구례,장흥,TRANSFER_TRUSTED,TRANSFER_TRUSTED,16300,16300,False,,,,,"[""구례"", ""순천"", ""장흥""]","[""구례"", ""순천"", ""장흥""]","[""tmoney""]",[16300]
구례,강진,TRANSFER_TRUSTED,TRANSFER_TRUSTED,18700,18700,False,,,,,"[""구례"", ""순천"", ""강진""]","[""구례"", ""순천"", ""강진""]","[""tmoney""]",[18700]
구례,해남,TRANSFER_TRUSTED,TRANSFER_TRUSTED,21700,21700,False,,,,,"[""구례"", ""순천"", ""해남""]","[""구례"", ""순천"", ""해남""]","[""tmoney""]",[21800]
구례,영암,TRANSFER_TRUSTED,TRANSFER_TRUSTED,18500,18500,False,,,,,"[""구례"", ""광주"", ""영암""]","[""구례"", ""광주"", ""영암""]","[""bustago"", ""tmoney""]",[18500]
구례,무안,TRANSFER_TRUSTED,TRANSFER_TRUSTED,15800,17600,False,,,,,"[""구례"", ""광주"", ""무안""]","[""구례"", ""광주"", ""무안""]","[""tmoney""]",[15800]
구례,함평,TRANSFER_TRUSTED,TRANSFER_TRUSTED,14300,15600,False,,,,,"[""구례"", ""광주"", ""함평""]","[""구례"", ""광주"", ""함평""]","[""tmoney""]",[14300]
구례,영광,TRANSFER_TRUSTED,TRANSFER_TRUSTED,17100,19300,False,,,,,"[""구례"", ""광주"", ""영광""]","[""구례"", ""광주"", ""영광""]","[""tmoney""]",[17100]
구례,장성,TRANSFER_TRUSTED,TRANSFER_TRUSTED,12200,12200,False,,,,,"[""구례"", ""광주"", ""장성""]","[""구례"", ""광주"", ""장성""]","[""tmoney""]",[12200]
구례,완도,TRANSFER_TRUSTED,TRANSFER_TRUSTED,28400,28400,False,,,,,"[""구례"", ""순천"", ""완도""]","[""구례"", ""순천"", ""완도""]","[""tmoney""]",[28400]
구례,진도,TRANSFER_TRUSTED,TRANSFER_TRUSTED,25100,29000,False,,,,,"[""구례"", ""광주"", ""진도""]","[""구례"", ""순천"", ""진도""]","[""tmoney""]",[29100]
구례,남악,TRANSFER_TRUSTED,TRANSFER_TRUSTED,15800,19000,False,,,,,"[""구례"", ""순천"", ""남악""]","[""구례"", ""순천"", ""남악""]","[""tmoney""]",[19000]
고흥,광주,DIRECT_PROVIDER,DIRECT_PROVIDER,16200,21000,False,,,,,"[""고흥"", ""광주""]","[""고흥"", ""광주""]","[""tmoney""]","[16200, 21000]"
고흥,목포,DIRECT_PROVIDER,DIRECT_PROVIDER,23300,23300,False,,,,,"[""고흥"", ""목포""]","[""고흥"", ""목포""]","[""tmoney""]",[18600]
고흥,여수,DIRECT_PROVIDER,DIRECT_PROVIDER,13600,17700,False,,,,,"[""고흥"", ""여수""]","[""고흥"", ""여수""]","[""tmoney""]",[13600]
고흥,순천,DIRECT_PROVIDER,DIRECT_PROVIDER,8700,11300,False,,,,,"[""고흥"", ""순천""]","[""고흥"", ""순천""]","[""bustago"", ""tmoney""]",[8700]
고흥,나주,TRANSFER_TRUSTED,TRANSFER_TRUSTED,20500,23800,False,,,,,"[""고흥"", ""광주"", ""나주""]","[""고흥"", ""강진"", ""나주""]","[""bustago"", ""tmoney""]",[20500]
고흥,광양,DIRECT_PROVIDER,DIRECT_PROVIDER,11200,14500,False,,,,,"[""고흥"", ""광양""]","[""고흥"", ""광양""]","[""tmoney""]",[10200]
고흥,담양,TRANSFER_TRUSTED,TRANSFER_TRUSTED,19100,23900,False,,,,,"[""고흥"", ""광주"", ""담양""]","[""고흥"", ""광주"", ""담양""]","[""bustago"", ""tmoney""]",[19100]
고흥,곡성,TRANSFER_TRUSTED,TRANSFER_TRUSTED,21700,26500,False,,,,,"[""고흥"", ""광주"", ""곡성""]","[""고흥"", ""광주"", ""곡성""]","[""tmoney""]",[21400]
고흥,구례,TRANSFER_TRUSTED,TRANSFER_TRUSTED,13900,16500,False,,,,,"[""고흥"", ""순천"", ""구례""]","[""고흥"", ""순천"", ""구례""]","[""bustago"", ""tmoney""]",[13900]
고흥,보성,TRANSFER_TRUSTED,TRANSFER_TRUSTED,16600,19200,False,,,,,"[""고흥"", ""순천"", ""보성""]","[""고흥"", ""순천"", ""보성""]","[""bustago"", ""tmoney""]",[9900]
고흥,화순,TRANSFER_TRUSTED,DIRECT_SOURCE_VERIFIED,13700,17800,True,BUSTIME 고흥→화순 시외버스 시간표,2026-07-12,https://ko.bustime.co.kr/plans/intercity/goheung/hwasun/details.html,HIGH_SOURCE_EXPLICIT,"[""고흥"", ""광주"", ""화순""]","[""고흥"", ""광주"", ""화순""]","[""tmoney""]",[13700]
고흥,장흥,TRANSFER_TRUSTED,TRANSFER_TRUSTED,18000,19900,False,,,,,"[""고흥"", ""강진"", ""장흥""]","[""고흥"", ""강진"", ""장흥""]","[""kobus"", ""tmoney""]",[13100]
고흥,강진,DIRECT_PROVIDER,DIRECT_PROVIDER,15600,15600,False,,,,,"[""고흥"", ""강진""]","[""고흥"", ""강진""]","[""tmoney""]",[14200]
고흥,해남,TRANSFER_TRUSTED,TRANSFER_TRUSTED,18600,18600,False,,,,,"[""고흥"", ""강진"", ""해남""]","[""고흥"", ""강진"", ""해남""]","[""tmoney""]",[18600]
고흥,영암,TRANSFER_TRUSTED,TRANSFER_TRUSTED,19500,19500,False,,,,,"[""고흥"", ""강진"", ""영암""]","[""고흥"", ""강진"", ""영암""]","[""tmoney""]",[19500]
고흥,무안,TRANSFER_TRUSTED,TRANSFER_TRUSTED,22200,26500,False,,,,,"[""고흥"", ""광주"", ""무안""]","[""고흥"", ""목포"", ""무안""]","[""tmoney""]",[22200]
고흥,함평,TRANSFER_TRUSTED,TRANSFER_TRUSTED,20700,26800,False,,,,,"[""고흥"", ""광주"", ""함평""]","[""고흥"", ""광주"", ""함평""]","[""tmoney""]",[20700]
고흥,영광,TRANSFER_TRUSTED,TRANSFER_TRUSTED,23500,30500,False,,,,,"[""고흥"", ""광주"", ""영광""]","[""고흥"", ""광주"", ""영광""]","[""tmoney""]",[23500]
고흥,장성,TRANSFER_TRUSTED,TRANSFER_TRUSTED,18600,23400,False,,,,,"[""고흥"", ""광주"", ""장성""]","[""고흥"", ""광주"", ""장성""]","[""tmoney""]",[18600]
고흥,완도,TRANSFER_TRUSTED,TRANSFER_TRUSTED,23500,23500,False,,,,,"[""고흥"", ""강진"", ""완도""]","[""고흥"", ""강진"", ""완도""]","[""tmoney""]",[25200]
고흥,진도,TRANSFER_TRUSTED,TRANSFER_TRUSTED,25900,25900,False,,,,,"[""고흥"", ""강진"", ""진도""]","[""고흥"", ""강진"", ""진도""]","[""tmoney""]",[25900]
고흥,남악,TRANSFER_TRUSTED,TRANSFER_TRUSTED,19300,25000,False,,,,,"[""고흥"", ""순천"", ""남악""]","[""고흥"", ""목포"", ""남악""]","[""bustago"", ""tmoney""]",[23400]
보성,광주,DIRECT_PROVIDER,DIRECT_PROVIDER,10500,11500,False,,,,,"[""보성"", ""광주""]","[""보성"", ""광주""]","[""bustago"", ""tmoney""]","[10500, 11500]"
보성,목포,DIRECT_PROVIDER,DIRECT_PROVIDER,13500,13500,False,,,,,"[""보성"", ""목포""]","[""보성"", ""목포""]","[""tmoney""]",[13500]
보성,여수,DIRECT_PROVIDER,DIRECT_PROVIDER,12800,12800,False,,,,,"[""보성"", ""여수""]","[""보성"", ""여수""]","[""tmoney""]",[12800]
보성,순천,DIRECT_PROVIDER,DIRECT_PROVIDER,7900,7900,False,,,,,"[""보성"", ""순천""]","[""보성"", ""순천""]","[""tmoney""]",[7900]
보성,나주,TRANSFER_TRUSTED,TRANSFER_TRUSTED,12200,12200,False,,,,,"[""보성"", ""장흥"", ""나주""]","[""보성"", ""장흥"", ""나주""]","[""tmoney""]",[14800]
보성,광양,DIRECT_PROVIDER,DIRECT_PROVIDER,9900,9900,False,,,,,"[""보성"", ""광양""]","[""보성"", ""광양""]","[""tmoney""]",[9900]
보성,담양,TRANSFER_TRUSTED,TRANSFER_TRUSTED,13400,14400,False,,,,,"[""보성"", ""광주"", ""담양""]","[""보성"", ""광주"", ""담양""]","[""bustago"", ""tmoney""]",[13400]
보성,곡성,TRANSFER_TRUSTED,TRANSFER_TRUSTED,16000,17000,False,,,,,"[""보성"", ""광주"", ""곡성""]","[""보성"", ""광주"", ""곡성""]","[""bustago"", ""tmoney""]",[17300]
보성,구례,TRANSFER_TRUSTED,TRANSFER_TRUSTED,13100,13100,False,,,,,"[""보성"", ""순천"", ""구례""]","[""보성"", ""순천"", ""구례""]","[""tmoney""]",[13100]
보성,고흥,TRANSFER_TRUSTED,TRANSFER_TRUSTED,16600,19200,False,,,,,"[""보성"", ""순천"", ""고흥""]","[""보성"", ""순천"", ""고흥""]","[""bustago"", ""tmoney""]",[9900]
보성,화순,TRANSFER_TRUSTED,DIRECT_SOURCE_VERIFIED,8000,8000,True,BUSTIME 보성→화순 시외버스 시간표,2026-07-12,https://bustime.co.kr/plans/intercity/boseong/hwasun/details.html,HIGH_SOURCE_EXPLICIT,"[""보성"", ""광주"", ""화순""]","[""보성"", ""광주"", ""화순""]","[""bustago"", ""tmoney""]",[7800]
보성,장흥,DIRECT_PROVIDER,DIRECT_PROVIDER,3200,3200,False,,,,,"[""보성"", ""장흥""]","[""보성"", ""장흥""]","[""tmoney""]",[3200]
보성,강진,DIRECT_PROVIDER,DIRECT_PROVIDER,5700,5700,False,,,,,"[""보성"", ""강진""]","[""보성"", ""강진""]","[""tmoney""]",[5700]
보성,해남,DIRECT_PROVIDER,DIRECT_PROVIDER,8700,8700,False,,,,,"[""보성"", ""해남""]","[""보성"", ""해남""]","[""tmoney""]",[8700]
보성,영암,TRANSFER_TRUSTED,TRANSFER_TRUSTED,7800,7800,False,,,,,"[""보성"", ""장흥"", ""영암""]","[""보성"", ""장흥"", ""영암""]","[""bustago"", ""tmoney""]",[7800]
보성,무안,TRANSFER_TRUSTED,TRANSFER_TRUSTED,16500,16700,False,,,,,"[""보성"", ""광주"", ""무안""]","[""보성"", ""목포"", ""무안""]","[""bustago"", ""tmoney""]",[16700]
보성,함평,TRANSFER_TRUSTED,TRANSFER_TRUSTED,15000,17300,False,,,,,"[""보성"", ""광주"", ""함평""]","[""보성"", ""광주"", ""함평""]","[""bustago"", ""tmoney""]",[15000]
보성,영광,TRANSFER_TRUSTED,TRANSFER_TRUSTED,17800,21000,False,,,,,"[""보성"", ""광주"", ""영광""]","[""보성"", ""광주"", ""영광""]","[""bustago"", ""tmoney""]",[17800]
보성,장성,TRANSFER_TRUSTED,TRANSFER_TRUSTED,12900,13900,False,,,,,"[""보성"", ""광주"", ""장성""]","[""보성"", ""광주"", ""장성""]","[""bustago"", ""tmoney""]",[12900]
보성,완도,DIRECT_PROVIDER,DIRECT_PROVIDER,15400,15400,False,,,,,"[""보성"", ""완도""]","[""보성"", ""완도""]","[""tmoney""]",[15400]
보성,진도,DIRECT_PROVIDER,DIRECT_PROVIDER,15900,15900,False,,,,,"[""보성"", ""진도""]","[""보성"", ""진도""]","[""tmoney""]",[16000]
보성,남악,TRANSFER_TRUSTED,DIRECT_SOURCE_VERIFIED,13300,13300,True,BUSTIME 보성→남악,2026-07-12,https://ko.bustime.co.kr/plans/intercity/boseong/namak/details.html,HIGH_SOURCE_EXPLICIT,"[""보성"", ""목포"", ""남악""]","[""보성"", ""목포"", ""남악""]","[""tmoney""]",[13500]
화순,광주,DIRECT_PROVIDER,DIRECT_PROVIDER,2500,3200,False,,,,,"[""화순"", ""광주""]","[""화순"", ""광주""]","[""tmoney""]",[2500]
화순,목포,TRANSFER_TRUSTED,TRANSFER_TRUSTED,9700,12500,False,,,,,"[""화순"", ""광주"", ""목포""]","[""화순"", ""광주"", ""목포""]","[""bustago"", ""kobus"", ""tmoney""]",[9700]
화순,여수,TRANSFER_TRUSTED,TRANSFER_TRUSTED,15500,20000,False,,,,,"[""화순"", ""광주"", ""여수""]","[""화순"", ""광주"", ""여수""]","[""tmoney""]",[15500]
화순,순천,TRANSFER_TRUSTED,TRANSFER_TRUSTED,10900,14200,False,,,,,"[""화순"", ""광주"", ""순천""]","[""화순"", ""광주"", ""순천""]","[""tmoney""]",[9700]
화순,나주,TRANSFER_TRUSTED,TRANSFER_TRUSTED,6800,10000,False,,,,,"[""화순"", ""광주"", ""나주""]","[""화순"", ""광주"", ""나주""]","[""bustago"", ""tmoney""]",[6800]
화순,광양,TRANSFER_TRUSTED,TRANSFER_TRUSTED,10900,14100,False,,,,,"[""화순"", ""광주"", ""광양""]","[""화순"", ""광주"", ""광양""]","[""tmoney""]",[10900]
화순,담양,TRANSFER_TRUSTED,TRANSFER_TRUSTED,5400,6100,False,,,,,"[""화순"", ""광주"", ""담양""]","[""화순"", ""광주"", ""담양""]","[""bustago"", ""tmoney""]",[8000]
화순,곡성,TRANSFER_TRUSTED,TRANSFER_TRUSTED,8000,8700,False,,,,,"[""화순"", ""광주"", ""곡성""]","[""화순"", ""광주"", ""곡성""]","[""tmoney""]",[8000]
화순,구례,TRANSFER_TRUSTED,TRANSFER_TRUSTED,12300,13000,False,,,,,"[""화순"", ""광주"", ""구례""]","[""화순"", ""광주"", ""구례""]","[""tmoney""]",[12300]
화순,고흥,TRANSFER_TRUSTED,DIRECT_SOURCE_VERIFIED,13700,17800,True,MustardData 화순터미널 + BUSTIME 고흥→화순,2026-09-10,https://bus.mustarddata.com/intercity/schedule/hwasun/,HIGH_SOURCE_EXPLICIT_REVERSE_ACCEPTED,"[""화순"", ""광주"", ""고흥""]","[""화순"", ""광주"", ""고흥""]","[""tmoney""]",[13700]
화순,보성,TRANSFER_TRUSTED,DIRECT_SOURCE_VERIFIED,8000,8000,True,MustardData 화순터미널,2026-09-10,https://bus.mustarddata.com/intercity/schedule/hwasun/,HIGH_SOURCE_EXPLICIT,"[""화순"", ""광주"", ""보성""]","[""화순"", ""광주"", ""보성""]","[""bustago"", ""tmoney""]",[7800]
화순,장흥,TRANSFER_TRUSTED,DIRECT_SOURCE_VERIFIED,9000,9000,True,MustardData 화순터미널,2026-09-10,https://bus.mustarddata.com/intercity/schedule/hwasun/,HIGH_SOURCE_EXPLICIT,"[""화순"", ""광주"", ""장흥""]","[""화순"", ""광주"", ""장흥""]","[""tmoney""]",[10000]
화순,강진,TRANSFER_TRUSTED,TRANSFER_TRUSTED,14200,18400,False,,,,,"[""화순"", ""광주"", ""강진""]","[""화순"", ""광주"", ""강진""]","[""bustago"", ""tmoney""]",[11400]
화순,해남,TRANSFER_TRUSTED,TRANSFER_TRUSTED,16200,20100,False,,,,,"[""화순"", ""광주"", ""해남""]","[""화순"", ""광주"", ""해남""]","[""bustago"", ""tmoney""]",[16500]
화순,영암,TRANSFER_TRUSTED,TRANSFER_TRUSTED,11200,11900,False,,,,,"[""화순"", ""광주"", ""영암""]","[""화순"", ""광주"", ""영암""]","[""bustago"", ""tmoney""]",[11200]
화순,무안,TRANSFER_TRUSTED,TRANSFER_TRUSTED,8500,11000,False,,,,,"[""화순"", ""광주"", ""무안""]","[""화순"", ""광주"", ""무안""]","[""tmoney""]",[8500]
화순,함평,TRANSFER_TRUSTED,TRANSFER_TRUSTED,7000,9000,False,,,,,"[""화순"", ""광주"", ""함평""]","[""화순"", ""광주"", ""함평""]","[""tmoney""]",[7000]
화순,영광,TRANSFER_TRUSTED,TRANSFER_TRUSTED,9800,12700,False,,,,,"[""화순"", ""광주"", ""영광""]","[""화순"", ""광주"", ""영광""]","[""tmoney""]",[9800]
화순,장성,TRANSFER_TRUSTED,TRANSFER_TRUSTED,4900,5600,False,,,,,"[""화순"", ""광주"", ""장성""]","[""화순"", ""광주"", ""장성""]","[""tmoney""]",[4900]
화순,완도,TRANSFER_TRUSTED,TRANSFER_TRUSTED,23000,28000,False,,,,,"[""화순"", ""광주"", ""완도""]","[""화순"", ""광주"", ""완도""]","[""bustago"", ""tmoney""]",[23000]
화순,진도,TRANSFER_TRUSTED,TRANSFER_TRUSTED,17800,23100,False,,,,,"[""화순"", ""광주"", ""진도""]","[""화순"", ""광주"", ""진도""]","[""tmoney""]",[17800]
화순,남악,TRANSFER_TRUSTED,TRANSFER_TRUSTED,9700,12500,False,,,,,"[""화순"", ""광주"", ""남악""]","[""화순"", ""광주"", ""남악""]","[""tmoney""]",[9700]
장흥,광주,DIRECT_PROVIDER,DIRECT_PROVIDER,11500,14900,False,,,,,"[""장흥"", ""광주""]","[""장흥"", ""광주""]","[""tmoney""]","[11500, 14900]"
장흥,목포,DIRECT_PROVIDER,DIRECT_PROVIDER,10200,10200,False,,,,,"[""장흥"", ""목포""]","[""장흥"", ""목포""]","[""bustago"", ""tmoney""]",[10200]
장흥,여수,DIRECT_PROVIDER,DIRECT_PROVIDER,16100,16100,False,,,,,"[""장흥"", ""여수""]","[""장흥"", ""여수""]","[""tmoney""]",[16100]
장흥,순천,DIRECT_PROVIDER,DIRECT_PROVIDER,11100,11100,False,,,,,"[""장흥"", ""순천""]","[""장흥"", ""순천""]","[""tmoney""]",[11100]
장흥,나주,DIRECT_PROVIDER,DIRECT_PROVIDER,9000,9000,False,,,,,"[""장흥"", ""나주""]","[""장흥"", ""나주""]","[""tmoney""]",[9000]
장흥,광양,DIRECT_PROVIDER,DIRECT_PROVIDER,13200,13200,False,,,,,"[""장흥"", ""광양""]","[""장흥"", ""광양""]","[""tmoney""]",[13200]
장흥,담양,TRANSFER_TRUSTED,TRANSFER_TRUSTED,14400,17800,False,,,,,"[""장흥"", ""광주"", ""담양""]","[""장흥"", ""광주"", ""담양""]","[""bustago"", ""tmoney""]",[14400]
장흥,곡성,TRANSFER_TRUSTED,TRANSFER_TRUSTED,17000,20400,False,,,,,"[""장흥"", ""광주"", ""곡성""]","[""장흥"", ""광주"", ""곡성""]","[""tmoney""]",[17000]
장흥,구례,TRANSFER_TRUSTED,TRANSFER_TRUSTED,16300,16300,False,,,,,"[""장흥"", ""순천"", ""구례""]","[""장흥"", ""순천"", ""구례""]","[""tmoney""]",[16300]
장흥,고흥,TRANSFER_TRUSTED,TRANSFER_TRUSTED,18000,19900,False,,,,,"[""장흥"", ""강진"", ""고흥""]","[""장흥"", ""강진"", ""고흥""]","[""kobus"", ""tmoney""]",[13100]
장흥,보성,DIRECT_PROVIDER,DIRECT_PROVIDER,3200,3200,False,,,,,"[""장흥"", ""보성""]","[""장흥"", ""보성""]","[""tmoney""]",[3200]
장흥,화순,TRANSFER_TRUSTED,DIRECT_SOURCE_VERIFIED,9000,9000,True,아사마루 장흥터미널 운행정보,2026-09,https://transportation.asamaru.net/시외버스/시간표/장흥시외버스터미널/,HIGH_SOURCE_EXPLICIT,"[""장흥"", ""광주"", ""화순""]","[""장흥"", ""광주"", ""화순""]","[""tmoney""]",[10000]
장흥,강진,DIRECT_PROVIDER,DIRECT_PROVIDER,2400,4300,False,,,,,"[""장흥"", ""강진""]","[""장흥"", ""강진""]","[""kobus"", ""tmoney""]",[2400]
장흥,해남,DIRECT_PROVIDER,DIRECT_PROVIDER,5400,5400,False,,,,,"[""장흥"", ""해남""]","[""장흥"", ""해남""]","[""tmoney""]",[5400]
장흥,영암,DIRECT_PROVIDER,DIRECT_PROVIDER,4600,4600,False,,,,,"[""장흥"", ""영암""]","[""장흥"", ""영암""]","[""bustago""]",[4600]
장흥,무안,TRANSFER_TRUSTED,TRANSFER_TRUSTED,13100,13100,False,,,,,"[""장흥"", ""나주"", ""무안""]","[""장흥"", ""나주"", ""무안""]","[""tmoney""]",[13400]
장흥,함평,TRANSFER_TRUSTED,TRANSFER_TRUSTED,12700,12700,False,,,,,"[""장흥"", ""나주"", ""함평""]","[""장흥"", ""나주"", ""함평""]","[""tmoney""]",[15300]
장흥,영광,TRANSFER_TRUSTED,TRANSFER_TRUSTED,18800,18900,False,,,,,"[""장흥"", ""광주"", ""영광""]","[""장흥"", ""목포"", ""영광""]","[""tmoney""]",[18900]
장흥,장성,TRANSFER_TRUSTED,TRANSFER_TRUSTED,13900,17300,False,,,,,"[""장흥"", ""광주"", ""장성""]","[""장흥"", ""광주"", ""장성""]","[""tmoney""]",[13900]
장흥,완도,DIRECT_PROVIDER,DIRECT_PROVIDER,12200,12200,False,,,,,"[""장흥"", ""완도""]","[""장흥"", ""완도""]","[""tmoney""]",[12100]
장흥,진도,DIRECT_PROVIDER,DIRECT_PROVIDER,12700,12700,False,,,,,"[""장흥"", ""진도""]","[""장흥"", ""진도""]","[""tmoney""]",[12700]
장흥,남악,TRANSFER_TRUSTED,DIRECT_SOURCE_VERIFIED,10000,10000,True,아사마루 장흥→남악 운행정보,2026-09-10,https://transportation.asamaru.net/고속버스/시간표/장흥시외버스터미널/출발/남악정류소/도착/,HIGH_SOURCE_EXPLICIT,"[""장흥"", ""목포"", ""남악""]","[""장흥"", ""목포"", ""남악""]","[""bustago"", ""tmoney""]",[10000]
강진,광주,DIRECT_PROVIDER,DIRECT_PROVIDER,11700,15200,False,,,,,"[""강진"", ""광주""]","[""강진"", ""광주""]","[""bustago"", ""tmoney""]","[11700, 15200]"
강진,목포,DIRECT_PROVIDER,DIRECT_PROVIDER,7800,7800,False,,,,,"[""강진"", ""목포""]","[""강진"", ""목포""]","[""bustago"", ""tmoney""]",[7800]
강진,여수,DIRECT_PROVIDER,DIRECT_PROVIDER,18500,18500,False,,,,,"[""강진"", ""여수""]","[""강진"", ""여수""]","[""tmoney""]",[18500]
강진,순천,DIRECT_PROVIDER,DIRECT_PROVIDER,13500,13500,False,,,,,"[""강진"", ""순천""]","[""강진"", ""순천""]","[""tmoney""]",[13500]
강진,나주,DIRECT_PROVIDER,DIRECT_PROVIDER,8200,8200,False,,,,,"[""강진"", ""나주""]","[""강진"", ""나주""]","[""tmoney""]",[8200]
강진,광양,DIRECT_PROVIDER,DIRECT_PROVIDER,15600,15600,False,,,,,"[""강진"", ""광양""]","[""강진"", ""광양""]","[""tmoney""]",[15600]
강진,담양,TRANSFER_TRUSTED,TRANSFER_TRUSTED,14600,18100,False,,,,,"[""강진"", ""광주"", ""담양""]","[""강진"", ""광주"", ""담양""]","[""bustago"", ""tmoney""]",[14600]
강진,곡성,TRANSFER_TRUSTED,TRANSFER_TRUSTED,17200,20700,False,,,,,"[""강진"", ""광주"", ""곡성""]","[""강진"", ""광주"", ""곡성""]","[""bustago"", ""tmoney""]",[17200]
강진,구례,TRANSFER_TRUSTED,TRANSFER_TRUSTED,18700,18700,False,,,,,"[""강진"", ""순천"", ""구례""]","[""강진"", ""순천"", ""구례""]","[""tmoney""]",[18700]
강진,고흥,DIRECT_PROVIDER,DIRECT_PROVIDER,15600,15600,False,,,,,"[""강진"", ""고흥""]","[""강진"", ""고흥""]","[""tmoney""]",[14200]
강진,보성,DIRECT_PROVIDER,DIRECT_PROVIDER,5700,5700,False,,,,,"[""강진"", ""보성""]","[""강진"", ""보성""]","[""tmoney""]",[5700]
강진,화순,TRANSFER_TRUSTED,TRANSFER_TRUSTED,14200,18400,False,,,,,"[""강진"", ""광주"", ""화순""]","[""강진"", ""광주"", ""화순""]","[""bustago"", ""tmoney""]",[11400]
강진,장흥,DIRECT_PROVIDER,DIRECT_PROVIDER,2400,4300,False,,,,,"[""강진"", ""장흥""]","[""강진"", ""장흥""]","[""kobus"", ""tmoney""]",[2400]
강진,해남,DIRECT_PROVIDER,DIRECT_PROVIDER,3000,3000,False,,,,,"[""강진"", ""해남""]","[""강진"", ""해남""]","[""tmoney""]",[3000]
강진,영암,DIRECT_PROVIDER,DIRECT_PROVIDER,3900,3900,False,,,,,"[""강진"", ""영암""]","[""강진"", ""영암""]","[""tmoney""]",[3900]
강진,무안,TRANSFER_TRUSTED,TRANSFER_TRUSTED,11000,11000,False,,,,,"[""강진"", ""목포"", ""무안""]","[""강진"", ""목포"", ""무안""]","[""bustago"", ""tmoney""]",[11000]
강진,함평,TRANSFER_TRUSTED,TRANSFER_TRUSTED,11900,11900,False,,,,,"[""강진"", ""나주"", ""함평""]","[""강진"", ""나주"", ""함평""]","[""tmoney""]",[11600]
강진,영광,TRANSFER_TRUSTED,TRANSFER_TRUSTED,16500,16500,False,,,,,"[""강진"", ""목포"", ""영광""]","[""강진"", ""목포"", ""영광""]","[""bustago"", ""tmoney""]",[16500]
강진,장성,TRANSFER_TRUSTED,TRANSFER_TRUSTED,14100,17600,False,,,,,"[""강진"", ""광주"", ""장성""]","[""강진"", ""광주"", ""장성""]","[""bustago"", ""tmoney""]",[14100]
강진,완도,DIRECT_PROVIDER,DIRECT_PROVIDER,7900,7900,False,,,,,"[""강진"", ""완도""]","[""강진"", ""완도""]","[""tmoney""]",[7300]
강진,진도,DIRECT_PROVIDER,DIRECT_PROVIDER,10300,10300,False,,,,,"[""강진"", ""진도""]","[""강진"", ""진도""]","[""tmoney""]",[10300]
강진,남악,TRANSFER_TRUSTED,DIRECT_SOURCE_VERIFIED,7600,7600,True,아사마루 강진→남악 시외버스 시간표,2026-06-26,https://transportation.asamaru.net/시외버스/시간표/강진버스여객터미널/출발/남악정류소/도착/,HIGH_SOURCE_EXPLICIT,"[""강진"", ""목포"", ""남악""]","[""강진"", ""목포"", ""남악""]","[""bustago"", ""tmoney""]",[7600]
해남,광주,DIRECT_PROVIDER,DIRECT_PROVIDER,13700,16900,False,,,,,"[""해남"", ""광주""]","[""해남"", ""광주""]","[""bustago"", ""tmoney""]","[13700, 16900]"
해남,목포,DIRECT_PROVIDER,DIRECT_PROVIDER,8700,8700,False,,,,,"[""해남"", ""목포""]","[""해남"", ""목포""]","[""bustago"", ""tmoney""]",[8700]
해남,여수,DIRECT_PROVIDER,DIRECT_PROVIDER,21500,21500,False,,,,,"[""해남"", ""여수""]","[""해남"", ""여수""]","[""tmoney""]",[21500]
해남,순천,DIRECT_PROVIDER,DIRECT_PROVIDER,16500,16500,False,,,,,"[""해남"", ""순천""]","[""해남"", ""순천""]","[""tmoney""]",[16600]
해남,나주,DIRECT_PROVIDER,DIRECT_PROVIDER,9900,9900,False,,,,,"[""해남"", ""나주""]","[""해남"", ""나주""]","[""tmoney""]",[9900]
해남,광양,DIRECT_PROVIDER,DIRECT_PROVIDER,19100,19100,False,,,,,"[""해남"", ""광양""]","[""해남"", ""광양""]","[""tmoney""]",[19100]
해남,담양,TRANSFER_TRUSTED,TRANSFER_TRUSTED,16600,19800,False,,,,,"[""해남"", ""광주"", ""담양""]","[""해남"", ""광주"", ""담양""]","[""bustago"", ""tmoney""]",[16600]
해남,곡성,TRANSFER_TRUSTED,TRANSFER_TRUSTED,19200,22400,False,,,,,"[""해남"", ""광주"", ""곡성""]","[""해남"", ""광주"", ""곡성""]","[""bustago"", ""tmoney""]",[19200]
해남,구례,TRANSFER_TRUSTED,TRANSFER_TRUSTED,21700,21700,False,,,,,"[""해남"", ""순천"", ""구례""]","[""해남"", ""순천"", ""구례""]","[""tmoney""]",[21800]
해남,고흥,TRANSFER_TRUSTED,TRANSFER_TRUSTED,18600,18600,False,,,,,"[""해남"", ""강진"", ""고흥""]","[""해남"", ""강진"", ""고흥""]","[""tmoney""]",[18600]
해남,보성,DIRECT_PROVIDER,DIRECT_PROVIDER,8700,8700,False,,,,,"[""해남"", ""보성""]","[""해남"", ""보성""]","[""tmoney""]",[8700]
해남,화순,TRANSFER_TRUSTED,TRANSFER_TRUSTED,16200,20100,False,,,,,"[""해남"", ""광주"", ""화순""]","[""해남"", ""광주"", ""화순""]","[""bustago"", ""tmoney""]",[16500]
해남,장흥,DIRECT_PROVIDER,DIRECT_PROVIDER,5400,5400,False,,,,,"[""해남"", ""장흥""]","[""해남"", ""장흥""]","[""tmoney""]",[5400]
해남,강진,DIRECT_PROVIDER,DIRECT_PROVIDER,3000,3000,False,,,,,"[""해남"", ""강진""]","[""해남"", ""강진""]","[""tmoney""]",[3000]
해남,영암,DIRECT_PROVIDER,DIRECT_PROVIDER,5600,5600,False,,,,,"[""해남"", ""영암""]","[""해남"", ""영암""]","[""tmoney""]",[4900]
해남,무안,TRANSFER_TRUSTED,TRANSFER_TRUSTED,11900,11900,False,,,,,"[""해남"", ""목포"", ""무안""]","[""해남"", ""목포"", ""무안""]","[""bustago"", ""tmoney""]",[11900]
해남,함평,TRANSFER_TRUSTED,TRANSFER_TRUSTED,13600,13600,False,,,,,"[""해남"", ""나주"", ""함평""]","[""해남"", ""나주"", ""함평""]","[""tmoney""]",[13800]
해남,영광,TRANSFER_TRUSTED,TRANSFER_TRUSTED,17400,17400,False,,,,,"[""해남"", ""목포"", ""영광""]","[""해남"", ""목포"", ""영광""]","[""bustago"", ""tmoney""]",[17400]
해남,장성,TRANSFER_TRUSTED,TRANSFER_TRUSTED,16100,19300,False,,,,,"[""해남"", ""광주"", ""장성""]","[""해남"", ""광주"", ""장성""]","[""bustago"", ""tmoney""]",[16100]
해남,완도,DIRECT_PROVIDER,DIRECT_PROVIDER,6700,8200,False,,,,,"[""해남"", ""완도""]","[""해남"", ""완도""]","[""tmoney""]","[6700, 8200]"
해남,진도,DIRECT_PROVIDER,DIRECT_PROVIDER,7300,7300,False,,,,,"[""해남"", ""진도""]","[""해남"", ""진도""]","[""tmoney""]",[7300]
해남,남악,DIRECT_PROVIDER,DIRECT_PROVIDER,8500,8500,False,,,,,"[""해남"", ""남악""]","[""해남"", ""남악""]","[""tmoney""]",[8500]
영암,광주,DIRECT_PROVIDER,DIRECT_PROVIDER,8700,8700,False,,,,,"[""영암"", ""광주""]","[""영암"", ""광주""]","[""bustago"", ""tmoney""]",[8700]
영암,목포,DIRECT_PROVIDER,DIRECT_PROVIDER,6400,6400,False,,,,,"[""영암"", ""목포""]","[""영암"", ""목포""]","[""bustago""]",[6400]
영암,여수,TRANSFER_TRUSTED,TRANSFER_TRUSTED,20700,20700,False,,,,,"[""영암"", ""장흥"", ""여수""]","[""영암"", ""장흥"", ""여수""]","[""bustago"", ""tmoney""]",[22400]
영암,순천,TRANSFER_TRUSTED,TRANSFER_TRUSTED,15700,15700,False,,,,,"[""영암"", ""장흥"", ""순천""]","[""영암"", ""장흥"", ""순천""]","[""bustago"", ""tmoney""]",[17500]
영암,나주,DIRECT_PROVIDER,DIRECT_PROVIDER,4400,4400,False,,,,,"[""영암"", ""나주""]","[""영암"", ""나주""]","[""tmoney""]",[4400]
영암,광양,TRANSFER_TRUSTED,TRANSFER_TRUSTED,17100,17800,False,,,,,"[""영암"", ""광주"", ""광양""]","[""영암"", ""장흥"", ""광양""]","[""bustago"", ""tmoney""]",[19500]
영암,담양,TRANSFER_TRUSTED,TRANSFER_TRUSTED,11600,11600,False,,,,,"[""영암"", ""광주"", ""담양""]","[""영암"", ""광주"", ""담양""]","[""bustago"", ""tmoney""]",[11600]
영암,곡성,TRANSFER_TRUSTED,TRANSFER_TRUSTED,14200,14200,False,,,,,"[""영암"", ""광주"", ""곡성""]","[""영암"", ""광주"", ""곡성""]","[""bustago"", ""tmoney""]",[14200]
영암,구례,TRANSFER_TRUSTED,TRANSFER_TRUSTED,18500,18500,False,,,,,"[""영암"", ""광주"", ""구례""]","[""영암"", ""광주"", ""구례""]","[""bustago"", ""tmoney""]",[18500]
영암,고흥,TRANSFER_TRUSTED,TRANSFER_TRUSTED,19500,19500,False,,,,,"[""영암"", ""강진"", ""고흥""]","[""영암"", ""강진"", ""고흥""]","[""tmoney""]",[19500]
영암,보성,TRANSFER_TRUSTED,TRANSFER_TRUSTED,7800,7800,False,,,,,"[""영암"", ""장흥"", ""보성""]","[""영암"", ""장흥"", ""보성""]","[""bustago"", ""tmoney""]",[7800]
영암,화순,TRANSFER_TRUSTED,TRANSFER_TRUSTED,11200,11900,False,,,,,"[""영암"", ""광주"", ""화순""]","[""영암"", ""광주"", ""화순""]","[""bustago"", ""tmoney""]",[11200]
영암,장흥,DIRECT_PROVIDER,DIRECT_PROVIDER,4600,4600,False,,,,,"[""영암"", ""장흥""]","[""영암"", ""장흥""]","[""bustago""]",[4600]
영암,강진,DIRECT_PROVIDER,DIRECT_PROVIDER,3900,3900,False,,,,,"[""영암"", ""강진""]","[""영암"", ""강진""]","[""tmoney""]",[3900]
영암,해남,DIRECT_PROVIDER,DIRECT_PROVIDER,5600,5600,False,,,,,"[""영암"", ""해남""]","[""영암"", ""해남""]","[""tmoney""]",[4900]
영암,무안,TRANSFER_TRUSTED,TRANSFER_TRUSTED,8500,8500,False,,,,,"[""영암"", ""나주"", ""무안""]","[""영암"", ""나주"", ""무안""]","[""tmoney""]",[9600]
영암,함평,TRANSFER_TRUSTED,TRANSFER_TRUSTED,8100,8100,False,,,,,"[""영암"", ""나주"", ""함평""]","[""영암"", ""나주"", ""함평""]","[""tmoney""]",[7700]
영암,영광,TRANSFER_TRUSTED,TRANSFER_TRUSTED,15100,15100,False,,,,,"[""영암"", ""목포"", ""영광""]","[""영암"", ""목포"", ""영광""]","[""bustago"", ""tmoney""]",[11800]
영암,장성,TRANSFER_TRUSTED,TRANSFER_TRUSTED,11100,11100,False,,,,,"[""영암"", ""광주"", ""장성""]","[""영암"", ""광주"", ""장성""]","[""bustago"", ""tmoney""]",[11100]
영암,완도,DIRECT_PROVIDER,DIRECT_PROVIDER,12300,12300,False,,,,,"[""영암"", ""완도""]","[""영암"", ""완도""]","[""tmoney""]",[11600]
영암,진도,DIRECT_PROVIDER,DIRECT_PROVIDER,12800,12800,False,,,,,"[""영암"", ""진도""]","[""영암"", ""진도""]","[""tmoney""]",[10300]
영암,남악,TRANSFER_TRUSTED,TRANSFER_TRUSTED,8100,8100,False,,,,,"[""영암"", ""목포"", ""남악""]","[""영암"", ""목포"", ""남악""]","[""bustago"", ""tmoney""]",[3700]
무안,광주,DIRECT_PROVIDER,DIRECT_PROVIDER,6000,7800,False,,,,,"[""무안"", ""광주""]","[""무안"", ""광주""]","[""tmoney""]","[6000, 7800]"
무안,목포,DIRECT_PROVIDER,DIRECT_PROVIDER,3200,3200,False,,,,,"[""무안"", ""목포""]","[""무안"", ""목포""]","[""bustago"", ""tmoney""]",[3200]
무안,여수,TRANSFER_TRUSTED,TRANSFER_TRUSTED,19000,23800,False,,,,,"[""무안"", ""광주"", ""여수""]","[""무안"", ""남악"", ""여수""]","[""tmoney""]",[19000]
무안,순천,TRANSFER_TRUSTED,TRANSFER_TRUSTED,14200,17400,False,,,,,"[""무안"", ""남악"", ""순천""]","[""무안"", ""남악"", ""순천""]","[""tmoney""]","[14700, 18200]"
무안,나주,DIRECT_PROVIDER,DIRECT_PROVIDER,4100,4100,False,,,,,"[""무안"", ""나주""]","[""무안"", ""나주""]","[""tmoney""]",[4100]
무안,광양,TRANSFER_TRUSTED,TRANSFER_TRUSTED,14400,18700,False,,,,,"[""무안"", ""광주"", ""광양""]","[""무안"", ""광주"", ""광양""]","[""tmoney""]",[14400]
무안,담양,TRANSFER_TRUSTED,TRANSFER_TRUSTED,8900,10700,False,,,,,"[""무안"", ""광주"", ""담양""]","[""무안"", ""광주"", ""담양""]","[""bustago"", ""tmoney""]",[8900]
무안,곡성,TRANSFER_TRUSTED,TRANSFER_TRUSTED,11500,13300,False,,,,,"[""무안"", ""광주"", ""곡성""]","[""무안"", ""광주"", ""곡성""]","[""tmoney""]",[11500]
무안,구례,TRANSFER_TRUSTED,TRANSFER_TRUSTED,15800,17600,False,,,,,"[""무안"", ""광주"", ""구례""]","[""무안"", ""광주"", ""구례""]","[""tmoney""]",[15800]
무안,고흥,TRANSFER_TRUSTED,TRANSFER_TRUSTED,22200,26500,False,,,,,"[""무안"", ""광주"", ""고흥""]","[""무안"", ""목포"", ""고흥""]","[""tmoney""]",[22200]
무안,보성,TRANSFER_TRUSTED,TRANSFER_TRUSTED,16500,16700,False,,,,,"[""무안"", ""광주"", ""보성""]","[""무안"", ""목포"", ""보성""]","[""bustago"", ""tmoney""]",[16700]
무안,화순,TRANSFER_TRUSTED,TRANSFER_TRUSTED,8500,11000,False,,,,,"[""무안"", ""광주"", ""화순""]","[""무안"", ""광주"", ""화순""]","[""tmoney""]",[8500]
무안,장흥,TRANSFER_TRUSTED,TRANSFER_TRUSTED,13100,13100,False,,,,,"[""무안"", ""나주"", ""장흥""]","[""무안"", ""나주"", ""장흥""]","[""tmoney""]",[13400]
무안,강진,TRANSFER_TRUSTED,TRANSFER_TRUSTED,11000,11000,False,,,,,"[""무안"", ""목포"", ""강진""]","[""무안"", ""목포"", ""강진""]","[""bustago"", ""tmoney""]",[11000]
무안,해남,TRANSFER_TRUSTED,TRANSFER_TRUSTED,11900,11900,False,,,,,"[""무안"", ""목포"", ""해남""]","[""무안"", ""목포"", ""해남""]","[""bustago"", ""tmoney""]",[11900]
무안,영암,TRANSFER_TRUSTED,TRANSFER_TRUSTED,8500,8500,False,,,,,"[""무안"", ""나주"", ""영암""]","[""무안"", ""나주"", ""영암""]","[""tmoney""]",[9600]
무안,함평,DIRECT_PROVIDER,DIRECT_PROVIDER,1900,2500,False,,,,,"[""무안"", ""함평""]","[""무안"", ""함평""]","[""tmoney""]",[2500]
무안,영광,DIRECT_PROVIDER,DIRECT_PROVIDER,5500,5500,False,,,,,"[""무안"", ""영광""]","[""무안"", ""영광""]","[""tmoney""]",[5500]
무안,장성,TRANSFER_TRUSTED,TRANSFER_TRUSTED,8400,10200,False,,,,,"[""무안"", ""광주"", ""장성""]","[""무안"", ""광주"", ""장성""]","[""tmoney""]",[8400]
무안,완도,TRANSFER_TRUSTED,TRANSFER_TRUSTED,18900,18900,False,,,,,"[""무안"", ""목포"", ""완도""]","[""무안"", ""목포"", ""완도""]","[""bustago"", ""tmoney""]",[18900]
무안,진도,TRANSFER_TRUSTED,TRANSFER_TRUSTED,11400,13700,False,,,,,"[""무안"", ""남악"", ""진도""]","[""무안"", ""남악"", ""진도""]","[""tmoney""]",[11500]
무안,남악,DIRECT_PROVIDER,DIRECT_PROVIDER,3600,3600,False,,,,,"[""무안"", ""남악""]","[""무안"", ""남악""]","[""tmoney""]",[3700]
함평,광주,DIRECT_PROVIDER,DIRECT_PROVIDER,4500,5800,False,,,,,"[""함평"", ""광주""]","[""함평"", ""광주""]","[""tmoney""]","[4500, 5800]"
함평,목포,DIRECT_PROVIDER,DIRECT_PROVIDER,5100,5100,False,,,,,"[""함평"", ""목포""]","[""함평"", ""목포""]","[""tmoney""]",[5100]
함평,여수,TRANSFER_TRUSTED,TRANSFER_TRUSTED,17500,22600,False,,,,,"[""함평"", ""광주"", ""여수""]","[""함평"", ""광주"", ""여수""]","[""tmoney""]",[17500]
함평,순천,TRANSFER_TRUSTED,TRANSFER_TRUSTED,12900,16800,False,,,,,"[""함평"", ""광주"", ""순천""]","[""함평"", ""광주"", ""순천""]","[""tmoney""]",[12900]
함평,나주,DIRECT_PROVIDER,DIRECT_PROVIDER,3700,3700,False,,,,,"[""함평"", ""나주""]","[""함평"", ""나주""]","[""tmoney""]",[3700]
함평,광양,TRANSFER_TRUSTED,TRANSFER_TRUSTED,12900,16700,False,,,,,"[""함평"", ""광주"", ""광양""]","[""함평"", ""광주"", ""광양""]","[""tmoney""]",[12900]
함평,담양,TRANSFER_TRUSTED,TRANSFER_TRUSTED,7400,8700,False,,,,,"[""함평"", ""광주"", ""담양""]","[""함평"", ""광주"", ""담양""]","[""bustago"", ""tmoney""]",[7400]
함평,곡성,TRANSFER_TRUSTED,TRANSFER_TRUSTED,10000,11300,False,,,,,"[""함평"", ""광주"", ""곡성""]","[""함평"", ""광주"", ""곡성""]","[""tmoney""]",[8800]
함평,구례,TRANSFER_TRUSTED,TRANSFER_TRUSTED,14300,15600,False,,,,,"[""함평"", ""광주"", ""구례""]","[""함평"", ""광주"", ""구례""]","[""tmoney""]",[14300]
함평,고흥,TRANSFER_TRUSTED,TRANSFER_TRUSTED,20700,26800,False,,,,,"[""함평"", ""광주"", ""고흥""]","[""함평"", ""광주"", ""고흥""]","[""tmoney""]",[20700]
함평,보성,TRANSFER_TRUSTED,TRANSFER_TRUSTED,15000,17300,False,,,,,"[""함평"", ""광주"", ""보성""]","[""함평"", ""광주"", ""보성""]","[""bustago"", ""tmoney""]",[15000]
함평,화순,TRANSFER_TRUSTED,TRANSFER_TRUSTED,7000,9000,False,,,,,"[""함평"", ""광주"", ""화순""]","[""함평"", ""광주"", ""화순""]","[""tmoney""]",[7000]
함평,장흥,TRANSFER_TRUSTED,TRANSFER_TRUSTED,12700,12700,False,,,,,"[""함평"", ""나주"", ""장흥""]","[""함평"", ""나주"", ""장흥""]","[""tmoney""]",[15300]
함평,강진,TRANSFER_TRUSTED,TRANSFER_TRUSTED,11900,11900,False,,,,,"[""함평"", ""나주"", ""강진""]","[""함평"", ""나주"", ""강진""]","[""tmoney""]",[11600]
함평,해남,TRANSFER_TRUSTED,TRANSFER_TRUSTED,13600,13600,False,,,,,"[""함평"", ""나주"", ""해남""]","[""함평"", ""나주"", ""해남""]","[""tmoney""]",[13800]
함평,영암,TRANSFER_TRUSTED,TRANSFER_TRUSTED,8100,8100,False,,,,,"[""함평"", ""나주"", ""영암""]","[""함평"", ""나주"", ""영암""]","[""tmoney""]",[7700]
함평,무안,DIRECT_PROVIDER,DIRECT_PROVIDER,1900,2500,False,,,,,"[""함평"", ""무안""]","[""함평"", ""무안""]","[""tmoney""]",[2500]
함평,영광,DIRECT_PROVIDER,DIRECT_PROVIDER,3600,3600,False,,,,,"[""함평"", ""영광""]","[""함평"", ""영광""]","[""tmoney""]",[3600]
함평,장성,TRANSFER_TRUSTED,TRANSFER_TRUSTED,6900,8200,False,,,,,"[""함평"", ""광주"", ""장성""]","[""함평"", ""광주"", ""장성""]","[""tmoney""]",[6900]
함평,완도,TRANSFER_TRUSTED,TRANSFER_TRUSTED,20300,20300,False,,,,,"[""함평"", ""나주"", ""완도""]","[""함평"", ""나주"", ""완도""]","[""tmoney""]",[20800]
함평,진도,TRANSFER_TRUSTED,TRANSFER_TRUSTED,13400,15900,False,,,,,"[""함평"", ""목포"", ""진도""]","[""함평"", ""목포"", ""진도""]","[""bustago"", ""tmoney""]",[13400]
함평,남악,TRANSFER_TRUSTED,TRANSFER_TRUSTED,5500,6100,False,,,,,"[""함평"", ""무안"", ""남악""]","[""함평"", ""무안"", ""남악""]","[""tmoney""]",[6800]
영광,광주,DIRECT_PROVIDER,DIRECT_PROVIDER,7300,9500,False,,,,,"[""영광"", ""광주""]","[""영광"", ""광주""]","[""tmoney""]","[7300, 9500]"
영광,목포,DIRECT_PROVIDER,DIRECT_PROVIDER,8700,8700,False,,,,,"[""영광"", ""목포""]","[""영광"", ""목포""]","[""tmoney""]",[8700]
영광,여수,TRANSFER_TRUSTED,TRANSFER_TRUSTED,20300,26300,False,,,,,"[""영광"", ""광주"", ""여수""]","[""영광"", ""광주"", ""여수""]","[""tmoney""]",[20300]
영광,순천,TRANSFER_TRUSTED,TRANSFER_TRUSTED,15700,20500,False,,,,,"[""영광"", ""광주"", ""순천""]","[""영광"", ""광주"", ""순천""]","[""tmoney""]",[15700]
영광,나주,TRANSFER_TRUSTED,TRANSFER_TRUSTED,7300,7300,False,,,,,"[""영광"", ""함평"", ""나주""]","[""영광"", ""함평"", ""나주""]","[""tmoney""]",[7400]
영광,광양,TRANSFER_TRUSTED,TRANSFER_TRUSTED,15700,20400,False,,,,,"[""영광"", ""광주"", ""광양""]","[""영광"", ""광주"", ""광양""]","[""tmoney""]",[15700]
영광,담양,TRANSFER_TRUSTED,TRANSFER_TRUSTED,10200,12400,False,,,,,"[""영광"", ""광주"", ""담양""]","[""영광"", ""광주"", ""담양""]","[""bustago"", ""tmoney""]",[10200]
영광,곡성,TRANSFER_TRUSTED,TRANSFER_TRUSTED,12800,15000,False,,,,,"[""영광"", ""광주"", ""곡성""]","[""영광"", ""광주"", ""곡성""]","[""tmoney""]",[12800]
영광,구례,TRANSFER_TRUSTED,TRANSFER_TRUSTED,17100,19300,False,,,,,"[""영광"", ""광주"", ""구례""]","[""영광"", ""광주"", ""구례""]","[""tmoney""]",[17100]
영광,고흥,TRANSFER_TRUSTED,TRANSFER_TRUSTED,23500,30500,False,,,,,"[""영광"", ""광주"", ""고흥""]","[""영광"", ""광주"", ""고흥""]","[""tmoney""]",[23500]
영광,보성,TRANSFER_TRUSTED,TRANSFER_TRUSTED,17800,21000,False,,,,,"[""영광"", ""광주"", ""보성""]","[""영광"", ""광주"", ""보성""]","[""bustago"", ""tmoney""]",[17800]
영광,화순,TRANSFER_TRUSTED,TRANSFER_TRUSTED,9800,12700,False,,,,,"[""영광"", ""광주"", ""화순""]","[""영광"", ""광주"", ""화순""]","[""tmoney""]",[9800]
영광,장흥,TRANSFER_TRUSTED,TRANSFER_TRUSTED,18800,18900,False,,,,,"[""영광"", ""광주"", ""장흥""]","[""영광"", ""목포"", ""장흥""]","[""tmoney""]",[18900]
영광,강진,TRANSFER_TRUSTED,TRANSFER_TRUSTED,16500,16500,False,,,,,"[""영광"", ""목포"", ""강진""]","[""영광"", ""목포"", ""강진""]","[""bustago"", ""tmoney""]",[16500]
영광,해남,TRANSFER_TRUSTED,TRANSFER_TRUSTED,17400,17400,False,,,,,"[""영광"", ""목포"", ""해남""]","[""영광"", ""목포"", ""해남""]","[""bustago"", ""tmoney""]",[17400]
영광,영암,TRANSFER_TRUSTED,TRANSFER_TRUSTED,15100,15100,False,,,,,"[""영광"", ""목포"", ""영암""]","[""영광"", ""목포"", ""영암""]","[""bustago"", ""tmoney""]",[11800]
영광,무안,DIRECT_PROVIDER,DIRECT_PROVIDER,5500,5500,False,,,,,"[""영광"", ""무안""]","[""영광"", ""무안""]","[""tmoney""]",[5500]
영광,함평,DIRECT_PROVIDER,DIRECT_PROVIDER,3600,3600,False,,,,,"[""영광"", ""함평""]","[""영광"", ""함평""]","[""tmoney""]",[3600]
영광,장성,TRANSFER_TRUSTED,TRANSFER_TRUSTED,9700,11900,False,,,,,"[""영광"", ""광주"", ""장성""]","[""영광"", ""광주"", ""장성""]","[""tmoney""]",[5900]
영광,완도,TRANSFER_TRUSTED,TRANSFER_TRUSTED,24400,24400,False,,,,,"[""영광"", ""목포"", ""완도""]","[""영광"", ""목포"", ""완도""]","[""bustago"", ""tmoney""]",[24400]
영광,진도,TRANSFER_TRUSTED,TRANSFER_TRUSTED,17000,19500,False,,,,,"[""영광"", ""목포"", ""진도""]","[""영광"", ""목포"", ""진도""]","[""bustago"", ""tmoney""]",[17000]
영광,남악,TRANSFER_TRUSTED,TRANSFER_TRUSTED,9100,9100,False,,,,,"[""영광"", ""무안"", ""남악""]","[""영광"", ""무안"", ""남악""]","[""tmoney""]",[8700]
장성,광주,DIRECT_WEB_VERIFIED,DIRECT_WEB_VERIFIED,2400,2400,False,,,,,"[""장성"", ""광주""]","[""장성"", ""광주""]",[],[2400]
장성,목포,TRANSFER_TRUSTED,TRANSFER_TRUSTED,9600,11700,False,,,,,"[""장성"", ""광주"", ""목포""]","[""장성"", ""광주"", ""목포""]","[""bustago"", ""kobus"", ""tmoney""]",[9600]
장성,여수,TRANSFER_TRUSTED,TRANSFER_TRUSTED,15400,19200,False,,,,,"[""장성"", ""광주"", ""여수""]","[""장성"", ""광주"", ""여수""]","[""tmoney""]",[15400]
장성,순천,TRANSFER_TRUSTED,TRANSFER_TRUSTED,10800,13400,False,,,,,"[""장성"", ""광주"", ""순천""]","[""장성"", ""광주"", ""순천""]","[""tmoney""]",[10800]
장성,나주,TRANSFER_TRUSTED,TRANSFER_TRUSTED,6700,9200,False,,,,,"[""장성"", ""광주"", ""나주""]","[""장성"", ""광주"", ""나주""]","[""bustago"", ""tmoney""]",[6700]
장성,광양,TRANSFER_TRUSTED,TRANSFER_TRUSTED,10800,13300,False,,,,,"[""장성"", ""광주"", ""광양""]","[""장성"", ""광주"", ""광양""]","[""tmoney""]",[10800]
장성,담양,TRANSFER_TRUSTED,TRANSFER_TRUSTED,5300,5300,False,,,,,"[""장성"", ""광주"", ""담양""]","[""장성"", ""광주"", ""담양""]","[""bustago"", ""tmoney""]",[5300]
장성,곡성,TRANSFER_TRUSTED,TRANSFER_TRUSTED,7900,7900,False,,,,,"[""장성"", ""광주"", ""곡성""]","[""장성"", ""광주"", ""곡성""]","[""tmoney""]",[7900]
장성,구례,TRANSFER_TRUSTED,TRANSFER_TRUSTED,12200,12200,False,,,,,"[""장성"", ""광주"", ""구례""]","[""장성"", ""광주"", ""구례""]","[""tmoney""]",[12200]
장성,고흥,TRANSFER_TRUSTED,TRANSFER_TRUSTED,18600,23400,False,,,,,"[""장성"", ""광주"", ""고흥""]","[""장성"", ""광주"", ""고흥""]","[""tmoney""]",[18600]
장성,보성,TRANSFER_TRUSTED,TRANSFER_TRUSTED,12900,13900,False,,,,,"[""장성"", ""광주"", ""보성""]","[""장성"", ""광주"", ""보성""]","[""bustago"", ""tmoney""]",[12900]
장성,화순,TRANSFER_TRUSTED,TRANSFER_TRUSTED,4900,5600,False,,,,,"[""장성"", ""광주"", ""화순""]","[""장성"", ""광주"", ""화순""]","[""tmoney""]",[4900]
장성,장흥,TRANSFER_TRUSTED,TRANSFER_TRUSTED,13900,17300,False,,,,,"[""장성"", ""광주"", ""장흥""]","[""장성"", ""광주"", ""장흥""]","[""tmoney""]",[13900]
장성,강진,TRANSFER_TRUSTED,TRANSFER_TRUSTED,14100,17600,False,,,,,"[""장성"", ""광주"", ""강진""]","[""장성"", ""광주"", ""강진""]","[""bustago"", ""tmoney""]",[14100]
장성,해남,TRANSFER_TRUSTED,TRANSFER_TRUSTED,16100,19300,False,,,,,"[""장성"", ""광주"", ""해남""]","[""장성"", ""광주"", ""해남""]","[""bustago"", ""tmoney""]",[16100]
장성,영암,TRANSFER_TRUSTED,TRANSFER_TRUSTED,11100,11100,False,,,,,"[""장성"", ""광주"", ""영암""]","[""장성"", ""광주"", ""영암""]","[""bustago"", ""tmoney""]",[11100]
장성,무안,TRANSFER_TRUSTED,TRANSFER_TRUSTED,8400,10200,False,,,,,"[""장성"", ""광주"", ""무안""]","[""장성"", ""광주"", ""무안""]","[""tmoney""]",[8400]
장성,함평,TRANSFER_TRUSTED,TRANSFER_TRUSTED,6900,8200,False,,,,,"[""장성"", ""광주"", ""함평""]","[""장성"", ""광주"", ""함평""]","[""tmoney""]",[6900]
장성,영광,TRANSFER_TRUSTED,TRANSFER_TRUSTED,9700,11900,False,,,,,"[""장성"", ""광주"", ""영광""]","[""장성"", ""광주"", ""영광""]","[""tmoney""]",[5900]
장성,완도,TRANSFER_TRUSTED,TRANSFER_TRUSTED,22900,27200,False,,,,,"[""장성"", ""광주"", ""완도""]","[""장성"", ""광주"", ""완도""]","[""bustago"", ""tmoney""]",[22900]
장성,진도,TRANSFER_TRUSTED,TRANSFER_TRUSTED,17700,22300,False,,,,,"[""장성"", ""광주"", ""진도""]","[""장성"", ""광주"", ""진도""]","[""tmoney""]",[17700]
장성,남악,TRANSFER_TRUSTED,TRANSFER_TRUSTED,9600,11700,False,,,,,"[""장성"", ""광주"", ""남악""]","[""장성"", ""광주"", ""남악""]","[""tmoney""]",[9600]
완도,광주,DIRECT_PROVIDER,DIRECT_PROVIDER,20500,24800,False,,,,,"[""완도"", ""광주""]","[""완도"", ""광주""]","[""bustago"", ""tmoney""]","[20500, 24800]"
완도,목포,DIRECT_PROVIDER,DIRECT_PROVIDER,15700,15700,False,,,,,"[""완도"", ""목포""]","[""완도"", ""목포""]","[""bustago"", ""tmoney""]",[15700]
완도,여수,TRANSFER_TRUSTED,TRANSFER_TRUSTED,26400,26400,False,,,,,"[""완도"", ""강진"", ""여수""]","[""완도"", ""강진"", ""여수""]","[""tmoney""]",[28200]
완도,순천,DIRECT_PROVIDER,DIRECT_PROVIDER,23200,23200,False,,,,,"[""완도"", ""순천""]","[""완도"", ""순천""]","[""tmoney""]",[23200]
완도,나주,DIRECT_PROVIDER,DIRECT_PROVIDER,16600,16600,False,,,,,"[""완도"", ""나주""]","[""완도"", ""나주""]","[""tmoney""]",[16600]
완도,광양,DIRECT_PROVIDER,DIRECT_PROVIDER,25800,25800,False,,,,,"[""완도"", ""광양""]","[""완도"", ""광양""]","[""tmoney""]",[25800]
완도,담양,TRANSFER_TRUSTED,TRANSFER_TRUSTED,23400,27700,False,,,,,"[""완도"", ""광주"", ""담양""]","[""완도"", ""광주"", ""담양""]","[""bustago"", ""tmoney""]",[23400]
완도,곡성,TRANSFER_TRUSTED,TRANSFER_TRUSTED,26000,30300,False,,,,,"[""완도"", ""광주"", ""곡성""]","[""완도"", ""광주"", ""곡성""]","[""bustago"", ""tmoney""]",[23000]
완도,구례,TRANSFER_TRUSTED,TRANSFER_TRUSTED,28400,28400,False,,,,,"[""완도"", ""순천"", ""구례""]","[""완도"", ""순천"", ""구례""]","[""tmoney""]",[28400]
완도,고흥,TRANSFER_TRUSTED,TRANSFER_TRUSTED,23500,23500,False,,,,,"[""완도"", ""강진"", ""고흥""]","[""완도"", ""강진"", ""고흥""]","[""tmoney""]",[25200]
완도,보성,DIRECT_PROVIDER,DIRECT_PROVIDER,15400,15400,False,,,,,"[""완도"", ""보성""]","[""완도"", ""보성""]","[""tmoney""]",[15400]
완도,화순,TRANSFER_TRUSTED,TRANSFER_TRUSTED,23000,28000,False,,,,,"[""완도"", ""광주"", ""화순""]","[""완도"", ""광주"", ""화순""]","[""bustago"", ""tmoney""]",[23000]
완도,장흥,DIRECT_PROVIDER,DIRECT_PROVIDER,12200,12200,False,,,,,"[""완도"", ""장흥""]","[""완도"", ""장흥""]","[""tmoney""]",[12100]
완도,강진,DIRECT_PROVIDER,DIRECT_PROVIDER,7900,7900,False,,,,,"[""완도"", ""강진""]","[""완도"", ""강진""]","[""tmoney""]",[7300]
완도,해남,DIRECT_PROVIDER,DIRECT_PROVIDER,6700,8200,False,,,,,"[""완도"", ""해남""]","[""완도"", ""해남""]","[""tmoney""]","[6700, 8200]"
완도,영암,DIRECT_PROVIDER,DIRECT_PROVIDER,12300,12300,False,,,,,"[""완도"", ""영암""]","[""완도"", ""영암""]","[""tmoney""]",[11600]
완도,무안,TRANSFER_TRUSTED,TRANSFER_TRUSTED,18900,18900,False,,,,,"[""완도"", ""목포"", ""무안""]","[""완도"", ""목포"", ""무안""]","[""bustago"", ""tmoney""]",[18900]
완도,함평,TRANSFER_TRUSTED,TRANSFER_TRUSTED,20300,20300,False,,,,,"[""완도"", ""나주"", ""함평""]","[""완도"", ""나주"", ""함평""]","[""tmoney""]",[20800]
완도,영광,TRANSFER_TRUSTED,TRANSFER_TRUSTED,24400,24400,False,,,,,"[""완도"", ""목포"", ""영광""]","[""완도"", ""목포"", ""영광""]","[""bustago"", ""tmoney""]",[24400]
완도,장성,TRANSFER_TRUSTED,TRANSFER_TRUSTED,22900,27200,False,,,,,"[""완도"", ""광주"", ""장성""]","[""완도"", ""광주"", ""장성""]","[""bustago"", ""tmoney""]",[22900]
완도,진도,TRANSFER_TRUSTED,TRANSFER_TRUSTED,14000,15500,False,,,,,"[""완도"", ""해남"", ""진도""]","[""완도"", ""해남"", ""진도""]","[""tmoney""]",[14000]
완도,남악,DIRECT_PROVIDER,DIRECT_PROVIDER,15500,15500,False,,,,,"[""완도"", ""남악""]","[""완도"", ""남악""]","[""tmoney""]",[15500]
진도,광주,DIRECT_PROVIDER,DIRECT_PROVIDER,15300,19900,False,,,,,"[""진도"", ""광주""]","[""진도"", ""광주""]","[""tmoney""]","[15300, 19900]"
진도,목포,DIRECT_PROVIDER,DIRECT_PROVIDER,8300,10800,False,,,,,"[""진도"", ""목포""]","[""진도"", ""목포""]","[""bustago"", ""tmoney""]","[8300, 10800]"
진도,여수,TRANSFER_TRUSTED,TRANSFER_TRUSTED,23400,28700,False,,,,,"[""진도"", ""남악"", ""여수""]","[""진도"", ""보성"", ""여수""]","[""tmoney""]",[24800]
진도,순천,DIRECT_PROVIDER,DIRECT_PROVIDER,23800,23800,False,,,,,"[""진도"", ""순천""]","[""진도"", ""순천""]","[""tmoney""]",[23900]
진도,나주,DIRECT_PROVIDER,DIRECT_PROVIDER,17200,17200,False,,,,,"[""진도"", ""나주""]","[""진도"", ""나주""]","[""tmoney""]",[17200]
진도,광양,DIRECT_PROVIDER,DIRECT_PROVIDER,28400,28400,False,,,,,"[""진도"", ""광양""]","[""진도"", ""광양""]","[""tmoney""]",[23400]
진도,담양,TRANSFER_TRUSTED,TRANSFER_TRUSTED,18200,22800,False,,,,,"[""진도"", ""광주"", ""담양""]","[""진도"", ""광주"", ""담양""]","[""bustago"", ""tmoney""]",[18200]
진도,곡성,TRANSFER_TRUSTED,TRANSFER_TRUSTED,20800,25400,False,,,,,"[""진도"", ""광주"", ""곡성""]","[""진도"", ""광주"", ""곡성""]","[""tmoney""]",[20800]
진도,구례,TRANSFER_TRUSTED,TRANSFER_TRUSTED,25100,29000,False,,,,,"[""진도"", ""광주"", ""구례""]","[""진도"", ""순천"", ""구례""]","[""tmoney""]",[29100]
진도,고흥,TRANSFER_TRUSTED,TRANSFER_TRUSTED,25900,25900,False,,,,,"[""진도"", ""강진"", ""고흥""]","[""진도"", ""강진"", ""고흥""]","[""tmoney""]",[25900]
진도,보성,DIRECT_PROVIDER,DIRECT_PROVIDER,15900,15900,False,,,,,"[""진도"", ""보성""]","[""진도"", ""보성""]","[""tmoney""]",[16000]
진도,화순,TRANSFER_TRUSTED,TRANSFER_TRUSTED,17800,23100,False,,,,,"[""진도"", ""광주"", ""화순""]","[""진도"", ""광주"", ""화순""]","[""tmoney""]",[17800]
진도,장흥,DIRECT_PROVIDER,DIRECT_PROVIDER,12700,12700,False,,,,,"[""진도"", ""장흥""]","[""진도"", ""장흥""]","[""tmoney""]",[12700]
진도,강진,DIRECT_PROVIDER,DIRECT_PROVIDER,10300,10300,False,,,,,"[""진도"", ""강진""]","[""진도"", ""강진""]","[""tmoney""]",[10300]
진도,해남,DIRECT_PROVIDER,DIRECT_PROVIDER,7300,7300,False,,,,,"[""진도"", ""해남""]","[""진도"", ""해남""]","[""tmoney""]",[7300]
진도,영암,DIRECT_PROVIDER,DIRECT_PROVIDER,12800,12800,False,,,,,"[""진도"", ""영암""]","[""진도"", ""영암""]","[""tmoney""]",[10300]
진도,무안,TRANSFER_TRUSTED,TRANSFER_TRUSTED,11400,13700,False,,,,,"[""진도"", ""남악"", ""무안""]","[""진도"", ""남악"", ""무안""]","[""tmoney""]",[11500]
진도,함평,TRANSFER_TRUSTED,TRANSFER_TRUSTED,13400,15900,False,,,,,"[""진도"", ""목포"", ""함평""]","[""진도"", ""목포"", ""함평""]","[""bustago"", ""tmoney""]",[13400]
진도,영광,TRANSFER_TRUSTED,TRANSFER_TRUSTED,17000,19500,False,,,,,"[""진도"", ""목포"", ""영광""]","[""진도"", ""목포"", ""영광""]","[""bustago"", ""tmoney""]",[17000]
진도,장성,TRANSFER_TRUSTED,TRANSFER_TRUSTED,17700,22300,False,,,,,"[""진도"", ""광주"", ""장성""]","[""진도"", ""광주"", ""장성""]","[""tmoney""]",[17700]
진도,완도,TRANSFER_TRUSTED,TRANSFER_TRUSTED,14000,15500,False,,,,,"[""진도"", ""해남"", ""완도""]","[""진도"", ""해남"", ""완도""]","[""tmoney""]",[14000]
진도,남악,DIRECT_PROVIDER,DIRECT_PROVIDER,7800,10100,False,,,,,"[""진도"", ""남악""]","[""진도"", ""남악""]","[""tmoney""]",[10100]
남악,광주,DIRECT_PROVIDER,DIRECT_PROVIDER,7200,9300,False,,,,,"[""남악"", ""광주""]","[""남악"", ""광주""]","[""tmoney""]","[7200, 9300]"
남악,목포,DIRECT_PROVIDER,DIRECT_PROVIDER,1700,1700,False,,,,,"[""남악"", ""목포""]","[""남악"", ""목포""]","[""tmoney""]",[1700]
남악,여수,DIRECT_PROVIDER,DIRECT_PROVIDER,15600,20200,False,,,,,"[""남악"", ""여수""]","[""남악"", ""여수""]","[""tmoney""]","[15600, 20200]"
남악,순천,DIRECT_PROVIDER,DIRECT_PROVIDER,10600,13800,False,,,,,"[""남악"", ""순천""]","[""남악"", ""순천""]","[""tmoney""]","[10600, 13800]"
남악,나주,TRANSFER_TRUSTED,DIRECT_SOURCE_VERIFIED,8200,8200,True,아사마루 남악→나주 시외버스 시간표,2026-09-22,https://transportation.asamaru.net/시외버스/시간표/남악정류소/출발/나주버스터미널/도착/,HIGH_SOURCE_EXPLICIT,"[""남악"", ""무안"", ""나주""]","[""남악"", ""무안"", ""나주""]","[""tmoney""]",[9000]
남악,광양,DIRECT_PROVIDER,DIRECT_PROVIDER,16700,16700,False,,,,,"[""남악"", ""광양""]","[""남악"", ""광양""]","[""tmoney""]",[11700]
남악,담양,TRANSFER_TRUSTED,TRANSFER_TRUSTED,10100,12200,False,,,,,"[""남악"", ""광주"", ""담양""]","[""남악"", ""광주"", ""담양""]","[""bustago"", ""tmoney""]",[10100]
남악,곡성,TRANSFER_TRUSTED,TRANSFER_TRUSTED,12700,14800,False,,,,,"[""남악"", ""광주"", ""곡성""]","[""남악"", ""광주"", ""곡성""]","[""tmoney""]",[12700]
남악,구례,TRANSFER_TRUSTED,TRANSFER_TRUSTED,15800,19000,False,,,,,"[""남악"", ""순천"", ""구례""]","[""남악"", ""순천"", ""구례""]","[""tmoney""]",[19000]
남악,고흥,TRANSFER_TRUSTED,TRANSFER_TRUSTED,19300,25000,False,,,,,"[""남악"", ""순천"", ""고흥""]","[""남악"", ""목포"", ""고흥""]","[""bustago"", ""tmoney""]",[23400]
남악,보성,TRANSFER_TRUSTED,DIRECT_SOURCE_VERIFIED,13300,13300,True,BUSTIME 남악→보성,2026-07-12,https://bustime.co.kr/plans/intercity/namak/boseong/details.html,HIGH_SOURCE_EXPLICIT,"[""남악"", ""목포"", ""보성""]","[""남악"", ""목포"", ""보성""]","[""tmoney""]",[13500]
남악,화순,TRANSFER_TRUSTED,TRANSFER_TRUSTED,9700,12500,False,,,,,"[""남악"", ""광주"", ""화순""]","[""남악"", ""광주"", ""화순""]","[""tmoney""]",[9700]
남악,장흥,TRANSFER_TRUSTED,DIRECT_SOURCE_VERIFIED,10000,10000,True,아사마루 남악→장흥 시외버스 시간표,2026-06-24,https://transportation.asamaru.net/시외버스/시간표/남악정류소/출발/장흥시외버스터미널/도착/,HIGH_SOURCE_EXPLICIT,"[""남악"", ""목포"", ""장흥""]","[""남악"", ""목포"", ""장흥""]","[""bustago"", ""tmoney""]",[10000]
남악,강진,TRANSFER_TRUSTED,DIRECT_SOURCE_VERIFIED,7600,7600,True,아사마루 남악→강진 시외버스 시간표,2026-07-14,https://transportation.asamaru.net/시외버스/시간표/남악정류소/출발/강진버스여객터미널/도착/,HIGH_SOURCE_EXPLICIT,"[""남악"", ""목포"", ""강진""]","[""남악"", ""목포"", ""강진""]","[""bustago"", ""tmoney""]",[7600]
남악,해남,DIRECT_PROVIDER,DIRECT_PROVIDER,8500,8500,False,,,,,"[""남악"", ""해남""]","[""남악"", ""해남""]","[""tmoney""]",[8500]
남악,영암,TRANSFER_TRUSTED,TRANSFER_TRUSTED,8100,8100,False,,,,,"[""남악"", ""목포"", ""영암""]","[""남악"", ""목포"", ""영암""]","[""bustago"", ""tmoney""]",[3700]
남악,무안,DIRECT_PROVIDER,DIRECT_PROVIDER,3600,3600,False,,,,,"[""남악"", ""무안""]","[""남악"", ""무안""]","[""tmoney""]",[3700]
남악,함평,TRANSFER_TRUSTED,TRANSFER_TRUSTED,5500,6100,False,,,,,"[""남악"", ""무안"", ""함평""]","[""남악"", ""무안"", ""함평""]","[""tmoney""]",[6800]
남악,영광,TRANSFER_TRUSTED,TRANSFER_TRUSTED,9100,9100,False,,,,,"[""남악"", ""무안"", ""영광""]","[""남악"", ""무안"", ""영광""]","[""tmoney""]",[8700]
남악,장성,TRANSFER_TRUSTED,TRANSFER_TRUSTED,9600,11700,False,,,,,"[""남악"", ""광주"", ""장성""]","[""남악"", ""광주"", ""장성""]","[""tmoney""]",[9600]
남악,완도,DIRECT_PROVIDER,DIRECT_PROVIDER,15500,15500,False,,,,,"[""남악"", ""완도""]","[""남악"", ""완도""]","[""tmoney""]",[15500]
남악,진도,DIRECT_PROVIDER,DIRECT_PROVIDER,7800,10100,False,,,,,"[""남악"", ""진도""]","[""남악"", ""진도""]","[""tmoney""]",[10100]
